Year,Program,Six Digit,Program Category,Four Digit,Program Family,Two Digit,Institution Type,Institution,Campus,County,FIPS,Certificate,Diploma,Total Awards
2019-20,Computer Systems Networking and Telecommunications,11.0901,Computer Systems Networking and Telecommunications,11.09,Computer and Information Sciences and Support Services,11,TCAT,Athens,Main Campus,"McMinn County, Tennessee",47107,0,10,10
2019-20,Industrial Mechanics and Maintenance Technology/Technician,47.0303,Heavy/Industrial Equipment Maintenance Technologies/Technicians,47.03,Mechanic and Repair Technologies/Technicians,47,TCAT,Athens,Main Campus,"McMinn County, Tennessee",47107,8,8,16
2019-20,Autobody/Collision and Repair Technology/Technician,47.0603,Vehicle Maintenance and Repair Technologies/Technicians,47.06,Mechanic and Repair Technologies/Technicians,47,TCAT,Athens,Main Campus,"McMinn County, Tennessee",47107,1,10,11
2019-20,Automobile/Automotive Mechanics Technology/Technician,47.0604,Vehicle Maintenance and Repair Technologies/Technicians,47.06,Mechanic and Repair Technologies/Technicians,47,TCAT,Athens,Main Campus,"McMinn County, Tennessee",47107,7,4,11
2019-20,Machine Tool Technology/Machinist,48.0501,Precision Metal Working,48.05,Precision Production,48,TCAT,Athens,Main Campus,"McMinn County, Tennessee",47107,0,11,11
2019-20,Welding Technology/Welder,48.0508,Precision Metal Working,48.05,Precision Production,48,TCAT,Athens,Main Campus,"McMinn County, Tennessee",47107,6,7,13
2019-20,Pharmacy Technician/Assistant,51.0805,Allied Health and Medical Assisting Services,51.08,Health Professions and Related Programs,51,TCAT,Athens,Main Campus,"McMinn County, Tennessee",47107,0,10,10
2019-20,Licensed Practical/Vocational Nurse Training,51.3901,"Practical Nursing, Vocational Nursing and Nursing Assistants",51.39,Health Professions and Related Programs,51,TCAT,Athens,Main Campus,"McMinn County, Tennessee",47107,0,38,38
2019-20,Executive Assistant/Executive Secretary,52.0402,Business Operations Support and Assistant Services,52.04,"Business, Management, Marketing, and Related Support Services",52,TCAT,Athens,Main Campus,"McMinn County, Tennessee",47107,5,16,21
2019-20,Industrial Mechanics and Maintenance Technology/Technician,47.0303,Heavy/Industrial Equipment Maintenance Technologies/Technicians,47.03,Mechanic and Repair Technologies/Technicians,47,TCAT,Chattanooga,ChSCC - West Campus,"Hamilton County, Tennessee",47065,0,12,12
2019-20,Welding Technology/Welder,48.0508,Precision Metal Working,48.05,Precision Production,48,TCAT,Chattanooga,ChSCC - West Campus,"Hamilton County, Tennessee",47065,3,11,14
2019-20,Truck and Bus Driver/Commercial Vehicle Operator and Instructor,49.0205,Ground Transportation,49.02,Transportation and Materials Moving,49,TCAT,Chattanooga,Kansita Building,"Hamilton County, Tennessee",47065,96,0,96
2019-20,"Applied Horticulture/Horticulture Operations, General",01.0601,Applied Horticulture and Horticultural Business Services,01.06,Agricultural/Animal/Plant/Veterinary Science and Related Fields,01,TCAT,Chattanooga,Main Campus,"Hamilton County, Tennessee",47065,3,7,10
2019-20,"Cosmetology/Cosmetologist, General",12.0401,Cosmetology and Related Personal Grooming Services,12.04,"Culinary, Entertainment, and Personal Services",12,TCAT,Chattanooga,Main Campus,"Hamilton County, Tennessee",47065,0,38,38
2019-20,Barbering/Barber,12.0402,Cosmetology and Related Personal Grooming Services,12.04,"Culinary, Entertainment, and Personal Services",12,TCAT,Chattanooga,Main Campus,"Hamilton County, Tennessee",47065,0,11,11
2019-20,"Cosmetology and Related Personal Grooming Arts, Other",12.0499,Cosmetology and Related Personal Grooming Services,12.04,"Culinary, Entertainment, and Personal Services",12,TCAT,Chattanooga,Main Campus,"Hamilton County, Tennessee",47065,0,15,15
2019-20,"Electrical and Power Transmission Installation/Installer, General",46.0301,Electrical and Power Transmission Installers,46.03,Construction Trades,46,TCAT,Chattanooga,Main Campus,"Hamilton County, Tennessee",47065,0,49,49
2019-20,"Heating, Air Conditioning, Ventilation and Refrigeration Maintenance Technology/Technician",47.0201,"Heating, Air Conditioning, Ventilation and Refrigeration Maintenance Technology/Technician (HAC, HACR, HVAC, HVACR)",47.02,Mechanic and Repair Technologies/Technicians,47,TCAT,Chattanooga,Main Campus,"Hamilton County, Tennessee",47065,21,32,53
2019-20,Heavy Equipment Maintenance Technology/Technician,47.0302,Heavy/Industrial Equipment Maintenance Technologies/Technicians,47.03,Mechanic and Repair Technologies/Technicians,47,TCAT,Chattanooga,Main Campus,"Hamilton County, Tennessee",47065,0,5,5
2019-20,Industrial Mechanics and Maintenance Technology/Technician,47.0303,Heavy/Industrial Equipment Maintenance Technologies/Technicians,47.03,Mechanic and Repair Technologies/Technicians,47,TCAT,Chattanooga,Main Campus,"Hamilton County, Tennessee",47065,0,29,29
2019-20,Autobody/Collision and Repair Technology/Technician,47.0603,Vehicle Maintenance and Repair Technologies/Technicians,47.06,Mechanic and Repair Technologies/Technicians,47,TCAT,Chattanooga,Main Campus,"Hamilton County, Tennessee",47065,5,26,31
2019-20,Automobile/Automotive Mechanics Technology/Technician,47.0604,Vehicle Maintenance and Repair Technologies/Technicians,47.06,Mechanic and Repair Technologies/Technicians,47,TCAT,Chattanooga,Main Campus,"Hamilton County, Tennessee",47065,20,10,30
2019-20,Diesel Mechanics Technology/Technician,47.0605,Vehicle Maintenance and Repair Technologies/Technicians,47.06,Mechanic and Repair Technologies/Technicians,47,TCAT,Chattanooga,Main Campus,"Hamilton County, Tennessee",47065,0,15,15
2019-20,Motorcycle Maintenance and Repair Technology/Technician,47.0611,Vehicle Maintenance and Repair Technologies/Technicians,47.06,Mechanic and Repair Technologies/Technicians,47,TCAT,Chattanooga,Main Campus,"Hamilton County, Tennessee",47065,9,9,18
2019-20,Machine Tool Technology/Machinist,48.0501,Precision Metal Working,48.05,Precision Production,48,TCAT,Chattanooga,Main Campus,"Hamilton County, Tennessee",47065,0,14,14
2019-20,Welding Technology/Welder,48.0508,Precision Metal Working,48.05,Precision Production,48,TCAT,Chattanooga,Main Campus,"Hamilton County, Tennessee",47065,9,40,49
2019-20,Medical/Clinical Assistant,51.0801,Allied Health and Medical Assisting Services,51.08,Health Professions and Related Programs,51,TCAT,Chattanooga,Main Campus,"Hamilton County, Tennessee",47065,0,24,24
2019-20,Surgical Technology/Technologist,51.0909,"Allied Health Diagnostic, Intervention, and Treatment Professions",51.09,Health Professions and Related Programs,51,TCAT,Chattanooga,Main Campus,"Hamilton County, Tennessee",47065,0,19,19
2019-20,Massage Therapy/Therapeutic Massage,51.3501,Somatic Bodywork and Related Therapeutic Services,51.35,Health Professions and Related Programs,51,TCAT,Chattanooga,Main Campus,"Hamilton County, Tennessee",47065,28,0,28
2019-20,Licensed Practical/Vocational Nurse Training,51.3901,"Practical Nursing, Vocational Nursing and Nursing Assistants",51.39,Health Professions and Related Programs,51,TCAT,Chattanooga,Main Campus,"Hamilton County, Tennessee",47065,0,32,32
2019-20,Executive Assistant/Executive Secretary,52.0402,Business Operations Support and Assistant Services,52.04,"Business, Management, Marketing, and Related Support Services",52,TCAT,Chattanooga,Main Campus,"Hamilton County, Tennessee",47065,0,15,15
2019-20,Business/Office Automation/Technology/Data Entry,52.0407,Business Operations Support and Assistant Services,52.04,"Business, Management, Marketing, and Related Support Services",52,TCAT,Chattanooga,Main Campus,"Hamilton County, Tennessee",47065,16,29,45
2019-20,Welding Technology/Welder,48.0508,Precision Metal Working,48.05,Precision Production,48,TCAT,Chattanooga,Suburban Manufacturing,"Hamilton County, Tennessee",47065,2,4,6
2019-20,Computer Support Specialist,11.1006,Computer/Information Technology Administration and Management,11.10,Computer and Information Sciences and Support Services,11,TCAT,Covington,Main Campus,"Tipton County, Tennessee",47167,10,1,11
2019-20,"Heating, Air Conditioning, Ventilation and Refrigeration Maintenance Technology/Technician",47.0201,"Heating, Air Conditioning, Ventilation and Refrigeration Maintenance Technology/Technician (HAC, HACR, HVAC, HVACR)",47.02,Mechanic and Repair Technologies/Technicians,47,TCAT,Covington,Main Campus,"Tipton County, Tennessee",47167,6,0,6
2019-20,Industrial Mechanics and Maintenance Technology/Technician,47.0303,Heavy/Industrial Equipment Maintenance Technologies/Technicians,47.03,Mechanic and Repair Technologies/Technicians,47,TCAT,Covington,Main Campus,"Tipton County, Tennessee",47167,21,7,28
2019-20,Automobile/Automotive Mechanics Technology/Technician,47.0604,Vehicle Maintenance and Repair Technologies/Technicians,47.06,Mechanic and Repair Technologies/Technicians,47,TCAT,Covington,Main Campus,"Tipton County, Tennessee",47167,1,0,1
2019-20,Machine Tool Technology/Machinist,48.0501,Precision Metal Working,48.05,Precision Production,48,TCAT,Covington,Main Campus,"Tipton County, Tennessee",47167,0,10,10
2019-20,Welding Technology/Welder,48.0508,Precision Metal Working,48.05,Precision Production,48,TCAT,Covington,Main Campus,"Tipton County, Tennessee",47167,7,19,26
2019-20,Dental Assisting/Assistant,51.0601,Dental Support Services and Allied Professions,51.06,Health Professions and Related Programs,51,TCAT,Covington,Main Campus,"Tipton County, Tennessee",47167,0,14,14
2019-20,Pharmacy Technician/Assistant,51.0805,Allied Health and Medical Assisting Services,51.08,Health Professions and Related Programs,51,TCAT,Covington,Main Campus,"Tipton County, Tennessee",47167,0,7,7
2019-20,Licensed Practical/Vocational Nurse Training,51.3901,"Practical Nursing, Vocational Nursing and Nursing Assistants",51.39,Health Professions and Related Programs,51,TCAT,Covington,Main Campus,"Tipton County, Tennessee",47167,0,16,16
2019-20,Executive Assistant/Executive Secretary,52.0402,Business Operations Support and Assistant Services,52.04,"Business, Management, Marketing, and Related Support Services",52,TCAT,Covington,Main Campus,"Tipton County, Tennessee",47167,17,11,28
2019-20,Computer Support Specialist,11.1006,Computer/Information Technology Administration and Management,11.10,Computer and Information Sciences and Support Services,11,TCAT,Crossville,Main Campus,"Cumberland County, Tennessee",47035,5,8,13
2019-20,"Cosmetology/Cosmetologist, General",12.0401,Cosmetology and Related Personal Grooming Services,12.04,"Culinary, Entertainment, and Personal Services",12,TCAT,Crossville,Main Campus,"Cumberland County, Tennessee",47035,2,15,17
2019-20,Building Construction Technology/Technician,46.0415,"Building/Construction Finishing, Management, and Inspection",46.04,Construction Trades,46,TCAT,Crossville,Main Campus,"Cumberland County, Tennessee",47035,1,9,10
2019-20,"Heating, Air Conditioning, Ventilation and Refrigeration Maintenance Technology/Technician",47.0201,"Heating, Air Conditioning, Ventilation and Refrigeration Maintenance Technology/Technician (HAC, HACR, HVAC, HVACR)",47.02,Mechanic and Repair Technologies/Technicians,47,TCAT,Crossville,Main Campus,"Cumberland County, Tennessee",47035,4,9,13
2019-20,Industrial Mechanics and Maintenance Technology/Technician,47.0303,Heavy/Industrial Equipment Maintenance Technologies/Technicians,47.03,Mechanic and Repair Technologies/Technicians,47,TCAT,Crossville,Main Campus,"Cumberland County, Tennessee",47035,5,13,18
2019-20,Autobody/Collision and Repair Technology/Technician,47.0603,Vehicle Maintenance and Repair Technologies/Technicians,47.06,Mechanic and Repair Technologies/Technicians,47,TCAT,Crossville,Main Campus,"Cumberland County, Tennessee",47035,2,3,5
2019-20,Automobile/Automotive Mechanics Technology/Technician,47.0604,Vehicle Maintenance and Repair Technologies/Technicians,47.06,Mechanic and Repair Technologies/Technicians,47,TCAT,Crossville,Main Campus,"Cumberland County, Tennessee",47035,4,9,13
2019-20,Diesel Mechanics Technology/Technician,47.0605,Vehicle Maintenance and Repair Technologies/Technicians,47.06,Mechanic and Repair Technologies/Technicians,47,TCAT,Crossville,Main Campus,"Cumberland County, Tennessee",47035,3,14,17
2019-20,Motorcycle Maintenance and Repair Technology/Technician,47.0611,Vehicle Maintenance and Repair Technologies/Technicians,47.06,Mechanic and Repair Technologies/Technicians,47,TCAT,Crossville,Main Campus,"Cumberland County, Tennessee",47035,7,8,15
2019-20,Machine Tool Technology/Machinist,48.0501,Precision Metal Working,48.05,Precision Production,48,TCAT,Crossville,Main Campus,"Cumberland County, Tennessee",47035,5,6,11
2019-20,Welding Technology/Welder,48.0508,Precision Metal Working,48.05,Precision Production,48,TCAT,Crossville,Main Campus,"Cumberland County, Tennessee",47035,6,36,42
2019-20,Truck and Bus Driver/Commercial Vehicle Operator and Instructor,49.0205,Ground Transportation,49.02,Transportation and Materials Moving,49,TCAT,Crossville,Main Campus,"Cumberland County, Tennessee",47035,44,0,44
2019-20,Surgical Technology/Technologist,51.0909,"Allied Health Diagnostic, Intervention, and Treatment Professions",51.09,Health Professions and Related Programs,51,TCAT,Crossville,Main Campus,"Cumberland County, Tennessee",47035,0,8,8
2019-20,Licensed Practical/Vocational Nurse Training,51.3901,"Practical Nursing, Vocational Nursing and Nursing Assistants",51.39,Health Professions and Related Programs,51,TCAT,Crossville,Main Campus,"Cumberland County, Tennessee",47035,0,43,43
2019-20,Executive Assistant/Executive Secretary,52.0402,Business Operations Support and Assistant Services,52.04,"Business, Management, Marketing, and Related Support Services",52,TCAT,Crossville,Main Campus,"Cumberland County, Tennessee",47035,7,19,26
2019-20,Hotel/Motel Administration/Management,52.0904,Hospitality Administration/Management,52.09,"Business, Management, Marketing, and Related Support Services",52,TCAT,Crossville,Main Campus,"Cumberland County, Tennessee",47035,0,3,3
2019-20,Welding Technology/Welder,48.0508,Precision Metal Working,48.05,Precision Production,48,TCAT,Crump,Chester County High School,"Chester County, Tennessee",47023,1,1,2
2019-20,Health Information/Medical Records Technology/Technician,51.0707,Health and Medical Administrative Services,51.07,Health Professions and Related Programs,51,TCAT,Crump,Clifton Instructional Service Center,"Wayne County, Tennessee",47181,4,3,7
2019-20,Building Construction Technology/Technician,46.0415,"Building/Construction Finishing, Management, and Inspection",46.04,Construction Trades,46,TCAT,Crump,Henderson/Chester County's ISC,"Chester County, Tennessee",47023,0,11,11
2019-20,Health Information/Medical Records Technology/Technician,51.0707,Health and Medical Administrative Services,51.07,Health Professions and Related Programs,51,TCAT,Crump,Henderson/Chester County's ISC,"Chester County, Tennessee",47023,0,3,3
2019-20,Computer Support Specialist,11.1006,Computer/Information Technology Administration and Management,11.10,Computer and Information Sciences and Support Services,11,TCAT,Crump,Main Campus,"Hardin County, Tennessee",47071,4,2,6
2019-20,"Drafting and Design Technology/Technician, General",15.1301,Drafting/Design Engineering Technologies/Technicians,15.13,Engineering/Engineering-Related Technologies/Technicians,15,TCAT,Crump,Main Campus,"Hardin County, Tennessee",47071,2,2,4
2019-20,Electrician,46.0302,Electrical and Power Transmission Installers,46.03,Construction Trades,46,TCAT,Crump,Main Campus,"Hardin County, Tennessee",47071,1,6,7
2019-20,"Heating, Air Conditioning, Ventilation and Refrigeration Maintenance Technology/Technician",47.0201,"Heating, Air Conditioning, Ventilation and Refrigeration Maintenance Technology/Technician (HAC, HACR, HVAC, HVACR)",47.02,Mechanic and Repair Technologies/Technicians,47,TCAT,Crump,Main Campus,"Hardin County, Tennessee",47071,2,5,7
2019-20,Industrial Mechanics and Maintenance Technology/Technician,47.0303,Heavy/Industrial Equipment Maintenance Technologies/Technicians,47.03,Mechanic and Repair Technologies/Technicians,47,TCAT,Crump,Main Campus,"Hardin County, Tennessee",47071,6,8,14
2019-20,Autobody/Collision and Repair Technology/Technician,47.0603,Vehicle Maintenance and Repair Technologies/Technicians,47.06,Mechanic and Repair Technologies/Technicians,47,TCAT,Crump,Main Campus,"Hardin County, Tennessee",47071,1,1,2
2019-20,Machine Tool Technology/Machinist,48.0501,Precision Metal Working,48.05,Precision Production,48,TCAT,Crump,Main Campus,"Hardin County, Tennessee",47071,1,2,3
2019-20,Welding Technology/Welder,48.0508,Precision Metal Working,48.05,Precision Production,48,TCAT,Crump,Main Campus,"Hardin County, Tennessee",47071,3,8,11
2019-20,Commercial and Advertising Art,50.0402,Design and Applied Arts,50.04,Visual and Performing Arts,50,TCAT,Crump,Main Campus,"Hardin County, Tennessee",47071,3,2,5
2019-20,Licensed Practical/Vocational Nurse Training,51.3901,"Practical Nursing, Vocational Nursing and Nursing Assistants",51.39,Health Professions and Related Programs,51,TCAT,Crump,Main Campus,"Hardin County, Tennessee",47071,0,39,39
2019-20,Executive Assistant/Executive Secretary,52.0402,Business Operations Support and Assistant Services,52.04,"Business, Management, Marketing, and Related Support Services",52,TCAT,Crump,Main Campus,"Hardin County, Tennessee",47071,3,8,11
2019-20,Welding Technology/Welder,48.0508,Precision Metal Working,48.05,Precision Production,48,TCAT,Crump,Wayne County Technology Center,"Wayne County, Tennessee",47181,5,0,5
2019-20,Industrial Mechanics and Maintenance Technology/Technician,47.0303,Heavy/Industrial Equipment Maintenance Technologies/Technicians,47.03,Mechanic and Repair Technologies/Technicians,47,TCAT,Dickson,Advanced Manufacturing Campus,"Dickson County, Tennessee",47043,0,4,4
2019-20,Computer Support Specialist,11.1006,Computer/Information Technology Administration and Management,11.10,Computer and Information Sciences and Support Services,11,TCAT,Dickson,Clarksville Extension,"Montgomery County, Tennessee",47125,7,4,11
2019-20,"Cosmetology/Cosmetologist, General",12.0401,Cosmetology and Related Personal Grooming Services,12.04,"Culinary, Entertainment, and Personal Services",12,TCAT,Dickson,Clarksville Extension,"Montgomery County, Tennessee",47125,1,14,15
2019-20,Building Construction Technology/Technician,46.0415,"Building/Construction Finishing, Management, and Inspection",46.04,Construction Trades,46,TCAT,Dickson,Clarksville Extension,"Montgomery County, Tennessee",47125,2,0,2
2019-20,"Heating, Air Conditioning, Ventilation and Refrigeration Maintenance Technology/Technician",47.0201,"Heating, Air Conditioning, Ventilation and Refrigeration Maintenance Technology/Technician (HAC, HACR, HVAC, HVACR)",47.02,Mechanic and Repair Technologies/Technicians,47,TCAT,Dickson,Clarksville Extension,"Montgomery County, Tennessee",47125,1,12,13
2019-20,Industrial Mechanics and Maintenance Technology/Technician,47.0303,Heavy/Industrial Equipment Maintenance Technologies/Technicians,47.03,Mechanic and Repair Technologies/Technicians,47,TCAT,Dickson,Clarksville Extension,"Montgomery County, Tennessee",47125,2,13,15
2019-20,Automobile/Automotive Mechanics Technology/Technician,47.0604,Vehicle Maintenance and Repair Technologies/Technicians,47.06,Mechanic and Repair Technologies/Technicians,47,TCAT,Dickson,Clarksville Extension,"Montgomery County, Tennessee",47125,2,9,11
2019-20,Diesel Mechanics Technology/Technician,47.0605,Vehicle Maintenance and Repair Technologies/Technicians,47.06,Mechanic and Repair Technologies/Technicians,47,TCAT,Dickson,Clarksville Extension,"Montgomery County, Tennessee",47125,4,10,14
2019-20,Machine Tool Technology/Machinist,48.0501,Precision Metal Working,48.05,Precision Production,48,TCAT,Dickson,Clarksville Extension,"Montgomery County, Tennessee",47125,3,9,12
2019-20,Welding Technology/Welder,48.0508,Precision Metal Working,48.05,Precision Production,48,TCAT,Dickson,Clarksville Extension,"Montgomery County, Tennessee",47125,1,16,17
2019-20,Commercial and Advertising Art,50.0402,Design and Applied Arts,50.04,Visual and Performing Arts,50,TCAT,Dickson,Clarksville Extension,"Montgomery County, Tennessee",47125,1,3,4
2019-20,Pharmacy Technician/Assistant,51.0805,Allied Health and Medical Assisting Services,51.08,Health Professions and Related Programs,51,TCAT,Dickson,Clarksville Extension,"Montgomery County, Tennessee",47125,0,13,13
2019-20,Licensed Practical/Vocational Nurse Training,51.3901,"Practical Nursing, Vocational Nursing and Nursing Assistants",51.39,Health Professions and Related Programs,51,TCAT,Dickson,Clarksville Extension,"Montgomery County, Tennessee",47125,1,33,34
2019-20,Executive Assistant/Executive Secretary,52.0402,Business Operations Support and Assistant Services,52.04,"Business, Management, Marketing, and Related Support Services",52,TCAT,Dickson,Clarksville Extension,"Montgomery County, Tennessee",47125,2,6,8
2019-20,Licensed Practical/Vocational Nurse Training,51.3901,"Practical Nursing, Vocational Nursing and Nursing Assistants",51.39,Health Professions and Related Programs,51,TCAT,Dickson,Franklin Extension,"Williamson County, Tennessee",47187,1,16,17
2019-20,Computer Support Specialist,11.1006,Computer/Information Technology Administration and Management,11.10,Computer and Information Sciences and Support Services,11,TCAT,Dickson,Main Campus,"Dickson County, Tennessee",47043,8,3,11
2019-20,"Cosmetology/Cosmetologist, General",12.0401,Cosmetology and Related Personal Grooming Services,12.04,"Culinary, Entertainment, and Personal Services",12,TCAT,Dickson,Main Campus,"Dickson County, Tennessee",47043,5,9,14
2019-20,"Heating, Air Conditioning, Ventilation and Refrigeration Maintenance Technology/Technician",47.0201,"Heating, Air Conditioning, Ventilation and Refrigeration Maintenance Technology/Technician (HAC, HACR, HVAC, HVACR)",47.02,Mechanic and Repair Technologies/Technicians,47,TCAT,Dickson,Main Campus,"Dickson County, Tennessee",47043,6,4,10
2019-20,Industrial Mechanics and Maintenance Technology/Technician,47.0303,Heavy/Industrial Equipment Maintenance Technologies/Technicians,47.03,Mechanic and Repair Technologies/Technicians,47,TCAT,Dickson,Main Campus,"Dickson County, Tennessee",47043,4,17,21
2019-20,Automobile/Automotive Mechanics Technology/Technician,47.0604,Vehicle Maintenance and Repair Technologies/Technicians,47.06,Mechanic and Repair Technologies/Technicians,47,TCAT,Dickson,Main Campus,"Dickson County, Tennessee",47043,3,14,17
2019-20,Diesel Mechanics Technology/Technician,47.0605,Vehicle Maintenance and Repair Technologies/Technicians,47.06,Mechanic and Repair Technologies/Technicians,47,TCAT,Dickson,Main Campus,"Dickson County, Tennessee",47043,1,10,11
2019-20,Machine Tool Technology/Machinist,48.0501,Precision Metal Working,48.05,Precision Production,48,TCAT,Dickson,Main Campus,"Dickson County, Tennessee",47043,2,8,10
2019-20,Welding Technology/Welder,48.0508,Precision Metal Working,48.05,Precision Production,48,TCAT,Dickson,Main Campus,"Dickson County, Tennessee",47043,6,6,12
2019-20,Commercial and Advertising Art,50.0402,Design and Applied Arts,50.04,Visual and Performing Arts,50,TCAT,Dickson,Main Campus,"Dickson County, Tennessee",47043,6,8,14
2019-20,Dental Assisting/Assistant,51.0601,Dental Support Services and Allied Professions,51.06,Health Professions and Related Programs,51,TCAT,Dickson,Main Campus,"Dickson County, Tennessee",47043,0,17,17
2019-20,Licensed Practical/Vocational Nurse Training,51.3901,"Practical Nursing, Vocational Nursing and Nursing Assistants",51.39,Health Professions and Related Programs,51,TCAT,Dickson,Main Campus,"Dickson County, Tennessee",47043,19,61,80
2019-20,Executive Assistant/Executive Secretary,52.0402,Business Operations Support and Assistant Services,52.04,"Business, Management, Marketing, and Related Support Services",52,TCAT,Dickson,Main Campus,"Dickson County, Tennessee",47043,2,1,3
2019-20,"Cosmetology/Cosmetologist, General",12.0401,Cosmetology and Related Personal Grooming Services,12.04,"Culinary, Entertainment, and Personal Services",12,TCAT,Elizabethton,Arney Street Campus,"Carter County, Tennessee",47019,0,9,9
2019-20,Corrections,43.0102,Criminal Justice and Corrections,43.01,"Homeland Security, Law Enforcement, Firefighting and Related Protective Services",43,TCAT,Elizabethton,Arney Street Campus,"Carter County, Tennessee",47019,0,3,3
2019-20,Diesel Mechanics Technology/Technician,47.0605,Vehicle Maintenance and Repair Technologies/Technicians,47.06,Mechanic and Repair Technologies/Technicians,47,TCAT,Elizabethton,Arney Street Campus,"Carter County, Tennessee",47019,1,5,6
2019-20,Welding Technology/Welder,48.0508,Precision Metal Working,48.05,Precision Production,48,TCAT,Elizabethton,Arney Street Campus,"Carter County, Tennessee",47019,4,15,19
2019-20,Licensed Practical/Vocational Nurse Training,51.3901,"Practical Nursing, Vocational Nursing and Nursing Assistants",51.39,Health Professions and Related Programs,51,TCAT,Elizabethton,Kingsport Higher Education Center,"Sullivan County, Tennessee",47165,7,39,46
2019-20,Computer Support Specialist,11.1006,Computer/Information Technology Administration and Management,11.10,Computer and Information Sciences and Support Services,11,TCAT,Elizabethton,Main Campus,"Carter County, Tennessee",47019,6,9,15
2019-20,Electrician,46.0302,Electrical and Power Transmission Installers,46.03,Construction Trades,46,TCAT,Elizabethton,Main Campus,"Carter County, Tennessee",47019,0,12,12
2019-20,Plumbing Technology/Plumber,46.0503,Plumbing and Related Water Supply Services,46.05,Construction Trades,46,TCAT,Elizabethton,Main Campus,"Carter County, Tennessee",47019,4,12,16
2019-20,"Heating, Air Conditioning, Ventilation and Refrigeration Maintenance Technology/Technician",47.0201,"Heating, Air Conditioning, Ventilation and Refrigeration Maintenance Technology/Technician (HAC, HACR, HVAC, HVACR)",47.02,Mechanic and Repair Technologies/Technicians,47,TCAT,Elizabethton,Main Campus,"Carter County, Tennessee",47019,4,8,12
2019-20,Industrial Mechanics and Maintenance Technology/Technician,47.0303,Heavy/Industrial Equipment Maintenance Technologies/Technicians,47.03,Mechanic and Repair Technologies/Technicians,47,TCAT,Elizabethton,Main Campus,"Carter County, Tennessee",47019,1,17,18
2019-20,Automobile/Automotive Mechanics Technology/Technician,47.0604,Vehicle Maintenance and Repair Technologies/Technicians,47.06,Mechanic and Repair Technologies/Technicians,47,TCAT,Elizabethton,Main Campus,"Carter County, Tennessee",47019,4,22,26
2019-20,Diesel Mechanics Technology/Technician,47.0605,Vehicle Maintenance and Repair Technologies/Technicians,47.06,Mechanic and Repair Technologies/Technicians,47,TCAT,Elizabethton,Main Campus,"Carter County, Tennessee",47019,4,9,13
2019-20,Machine Tool Technology/Machinist,48.0501,Precision Metal Working,48.05,Precision Production,48,TCAT,Elizabethton,Main Campus,"Carter County, Tennessee",47019,4,7,11
2019-20,Welding Technology/Welder,48.0508,Precision Metal Working,48.05,Precision Production,48,TCAT,Elizabethton,Main Campus,"Carter County, Tennessee",47019,2,15,17
2019-20,Phlebotomy Technician/Phlebotomist,51.1009,Clinical/Medical Laboratory Science/Research and Allied Professions,51.10,Health Professions and Related Programs,51,TCAT,Elizabethton,Main Campus,"Carter County, Tennessee",47019,35,0,35
2019-20,Dietitian Assistant,51.3104,Dietetics and Clinical Nutrition Services,51.31,Health Professions and Related Programs,51,TCAT,Elizabethton,Main Campus,"Carter County, Tennessee",47019,21,0,21
2019-20,Licensed Practical/Vocational Nurse Training,51.3901,"Practical Nursing, Vocational Nursing and Nursing Assistants",51.39,Health Professions and Related Programs,51,TCAT,Elizabethton,Main Campus,"Carter County, Tennessee",47019,12,93,105
2019-20,Executive Assistant/Executive Secretary,52.0402,Business Operations Support and Assistant Services,52.04,"Business, Management, Marketing, and Related Support Services",52,TCAT,Elizabethton,Main Campus,"Carter County, Tennessee",47019,4,6,10
2019-20,Diesel Mechanics Technology/Technician,47.0605,Vehicle Maintenance and Repair Technologies/Technicians,47.06,Mechanic and Repair Technologies/Technicians,47,TCAT,Harriman,Loudon County Technology Center,"Loudon County, Tennessee",47105,0,3,3
2019-20,Welding Technology/Welder,48.0508,Precision Metal Working,48.05,Precision Production,48,TCAT,Harriman,Loudon County Technology Center,"Loudon County, Tennessee",47105,2,1,3
2019-20,"Cosmetology/Cosmetologist, General",12.0401,Cosmetology and Related Personal Grooming Services,12.04,"Culinary, Entertainment, and Personal Services",12,TCAT,Harriman,Main Campus,"Roane County, Tennessee",47145,1,0,1
2019-20,"Construction Trades, Other",46.9999,"Construction Trades, Other",46.99,Construction Trades,46,TCAT,Harriman,Main Campus,"Roane County, Tennessee",47145,3,4,7
2019-20,Industrial Mechanics and Maintenance Technology/Technician,47.0303,Heavy/Industrial Equipment Maintenance Technologies/Technicians,47.03,Mechanic and Repair Technologies/Technicians,47,TCAT,Harriman,Main Campus,"Roane County, Tennessee",47145,1,9,10
2019-20,Automobile/Automotive Mechanics Technology/Technician,47.0604,Vehicle Maintenance and Repair Technologies/Technicians,47.06,Mechanic and Repair Technologies/Technicians,47,TCAT,Harriman,Main Campus,"Roane County, Tennessee",47145,2,8,10
2019-20,Diesel Mechanics Technology/Technician,47.0605,Vehicle Maintenance and Repair Technologies/Technicians,47.06,Mechanic and Repair Technologies/Technicians,47,TCAT,Harriman,Main Campus,"Roane County, Tennessee",47145,0,8,8
2019-20,Machine Tool Technology/Machinist,48.0501,Precision Metal Working,48.05,Precision Production,48,TCAT,Harriman,Main Campus,"Roane County, Tennessee",47145,1,11,12
2019-20,Welding Technology/Welder,48.0508,Precision Metal Working,48.05,Precision Production,48,TCAT,Harriman,Main Campus,"Roane County, Tennessee",47145,3,11,14
2019-20,Medical/Clinical Assistant,51.0801,Allied Health and Medical Assisting Services,51.08,Health Professions and Related Programs,51,TCAT,Harriman,Main Campus,"Roane County, Tennessee",47145,0,4,4
2019-20,Licensed Practical/Vocational Nurse Training,51.3901,"Practical Nursing, Vocational Nursing and Nursing Assistants",51.39,Health Professions and Related Programs,51,TCAT,Harriman,Main Campus,"Roane County, Tennessee",47145,1,25,26
2019-20,Nursing Assistant/Aide and Patient Care Assistant/Aide,51.3902,"Practical Nursing, Vocational Nursing and Nursing Assistants",51.39,Health Professions and Related Programs,51,TCAT,Hartsville,Hendersonville High School,"Sumner County, Tennessee",47165,12,0,12
2019-20,Computer Support Specialist,11.1006,Computer/Information Technology Administration and Management,11.10,Computer and Information Sciences and Support Services,11,TCAT,Hartsville,Main Campus,"Trousdale County, Tennessee",47169,12,0,12
2019-20,Industrial Mechanics and Maintenance Technology/Technician,47.0303,Heavy/Industrial Equipment Maintenance Technologies/Technicians,47.03,Mechanic and Repair Technologies/Technicians,47,TCAT,Hartsville,Main Campus,"Trousdale County, Tennessee",47169,2,11,13
2019-20,Automobile/Automotive Mechanics Technology/Technician,47.0604,Vehicle Maintenance and Repair Technologies/Technicians,47.06,Mechanic and Repair Technologies/Technicians,47,TCAT,Hartsville,Main Campus,"Trousdale County, Tennessee",47169,12,3,15
2019-20,Machine Tool Technology/Machinist,48.0501,Precision Metal Working,48.05,Precision Production,48,TCAT,Hartsville,Main Campus,"Trousdale County, Tennessee",47169,1,14,15
2019-20,Welding Technology/Welder,48.0508,Precision Metal Working,48.05,Precision Production,48,TCAT,Hartsville,Main Campus,"Trousdale County, Tennessee",47169,3,8,11
2019-20,Licensed Practical/Vocational Nurse Training,51.3901,"Practical Nursing, Vocational Nursing and Nursing Assistants",51.39,Health Professions and Related Programs,51,TCAT,Hartsville,Main Campus,"Trousdale County, Tennessee",47169,0,20,20
2019-20,Nursing Assistant/Aide and Patient Care Assistant/Aide,51.3902,"Practical Nursing, Vocational Nursing and Nursing Assistants",51.39,Health Professions and Related Programs,51,TCAT,Hartsville,Main Campus,"Trousdale County, Tennessee",47169,7,0,7
2019-20,Executive Assistant/Executive Secretary,52.0402,Business Operations Support and Assistant Services,52.04,"Business, Management, Marketing, and Related Support Services",52,TCAT,Hartsville,Main Campus,"Trousdale County, Tennessee",47169,4,3,7
2019-20,Medical/Clinical Assistant,51.0801,Allied Health and Medical Assisting Services,51.08,Health Professions and Related Programs,51,TCAT,Hartsville,Trousdale County High School,"Trousdale County, Tennessee",47169,1,0,1
2019-20,Nursing Assistant/Aide and Patient Care Assistant/Aide,51.3902,"Practical Nursing, Vocational Nursing and Nursing Assistants",51.39,Health Professions and Related Programs,51,TCAT,Hartsville,Trousdale County High School,"Trousdale County, Tennessee",47169,16,0,16
2019-20,Executive Assistant/Executive Secretary,52.0402,Business Operations Support and Assistant Services,52.04,"Business, Management, Marketing, and Related Support Services",52,TCAT,Hartsville,Trousdale County High School,"Trousdale County, Tennessee",47169,1,0,1
2019-20,Computer Support Specialist,11.1006,Computer/Information Technology Administration and Management,11.10,Computer and Information Sciences and Support Services,11,TCAT,Hartsville,Wilson County Career and Technical Education Center,"Wilson County, Tennessee",47189,4,5,9
2019-20,Manufacturing Engineering Technology/Technician,15.0613,Industrial Production Technologies/Technicians,15.06,Engineering/Engineering-Related Technologies/Technicians,15,TCAT,Hartsville,Wilson County Career and Technical Education Center,"Wilson County, Tennessee",47189,1,3,4
2019-20,Machine Tool Technology/Machinist,48.0501,Precision Metal Working,48.05,Precision Production,48,TCAT,Hartsville,Wilson County Career and Technical Education Center,"Wilson County, Tennessee",47189,1,5,6
2019-20,Welding Technology/Welder,48.0508,Precision Metal Working,48.05,Precision Production,48,TCAT,Hartsville,Wilson County Career and Technical Education Center,"Wilson County, Tennessee",47189,4,7,11
2019-20,Licensed Practical/Vocational Nurse Training,51.3901,"Practical Nursing, Vocational Nursing and Nursing Assistants",51.39,Health Professions and Related Programs,51,TCAT,Hartsville,Wilson County Career and Technical Education Center,"Wilson County, Tennessee",47189,0,23,23
2019-20,Automobile/Automotive Mechanics Technology/Technician,47.0604,Vehicle Maintenance and Repair Technologies/Technicians,47.06,Mechanic and Repair Technologies/Technicians,47,TCAT,Hohenwald,Columbia Central High School Instructional Service,"Maury County, Tennessee",47119,1,4,5
2019-20,Industrial Mechanics and Maintenance Technology/Technician,47.0303,Heavy/Industrial Equipment Maintenance Technologies/Technicians,47.03,Mechanic and Repair Technologies/Technicians,47,TCAT,Hohenwald,Lawrence County Instructional Service Center,"Lawrence County, Tennessee",47099,2,4,6
2019-20,"Cosmetology/Cosmetologist, General",12.0401,Cosmetology and Related Personal Grooming Services,12.04,"Culinary, Entertainment, and Personal Services",12,TCAT,Hohenwald,Main Campus,"Lewis County, Tennessee",47101,0,16,16
2019-20,Aesthetician/Esthetician and Skin Care Specialist,12.0409,Cosmetology and Related Personal Grooming Services,12.04,"Culinary, Entertainment, and Personal Services",12,TCAT,Hohenwald,Main Campus,"Lewis County, Tennessee",47101,16,0,16
2019-20,Nail Technician/Specialist and Manicurist,12.0410,Cosmetology and Related Personal Grooming Services,12.04,"Culinary, Entertainment, and Personal Services",12,TCAT,Hohenwald,Main Campus,"Lewis County, Tennessee",47101,1,0,1
2019-20,"Drafting and Design Technology/Technician, General",15.1301,Drafting/Design Engineering Technologies/Technicians,15.13,Engineering/Engineering-Related Technologies/Technicians,15,TCAT,Hohenwald,Main Campus,"Lewis County, Tennessee",47101,3,1,4
2019-20,Industrial Electronics Technology/Technician,47.0105,Electrical/Electronics Maintenance and Repair Technologies/Technicians,47.01,Mechanic and Repair Technologies/Technicians,47,TCAT,Hohenwald,Main Campus,"Lewis County, Tennessee",47101,0,1,1
2019-20,Industrial Mechanics and Maintenance Technology/Technician,47.0303,Heavy/Industrial Equipment Maintenance Technologies/Technicians,47.03,Mechanic and Repair Technologies/Technicians,47,TCAT,Hohenwald,Main Campus,"Lewis County, Tennessee",47101,2,3,5
2019-20,Automobile/Automotive Mechanics Technology/Technician,47.0604,Vehicle Maintenance and Repair Technologies/Technicians,47.06,Mechanic and Repair Technologies/Technicians,47,TCAT,Hohenwald,Main Campus,"Lewis County, Tennessee",47101,4,7,11
2019-20,Machine Tool Technology/Machinist,48.0501,Precision Metal Working,48.05,Precision Production,48,TCAT,Hohenwald,Main Campus,"Lewis County, Tennessee",47101,1,0,1
2019-20,Welding Technology/Welder,48.0508,Precision Metal Working,48.05,Precision Production,48,TCAT,Hohenwald,Main Campus,"Lewis County, Tennessee",47101,0,3,3
2019-20,Commercial and Advertising Art,50.0402,Design and Applied Arts,50.04,Visual and Performing Arts,50,TCAT,Hohenwald,Main Campus,"Lewis County, Tennessee",47101,5,6,11
2019-20,Medical/Clinical Assistant,51.0801,Allied Health and Medical Assisting Services,51.08,Health Professions and Related Programs,51,TCAT,Hohenwald,Main Campus,"Lewis County, Tennessee",47101,1,8,9
2019-20,Surgical Technology/Technologist,51.0909,"Allied Health Diagnostic, Intervention, and Treatment Professions",51.09,Health Professions and Related Programs,51,TCAT,Hohenwald,Main Campus,"Lewis County, Tennessee",47101,0,13,13
2019-20,Licensed Practical/Vocational Nurse Training,51.3901,"Practical Nursing, Vocational Nursing and Nursing Assistants",51.39,Health Professions and Related Programs,51,TCAT,Hohenwald,Main Campus,"Lewis County, Tennessee",47101,0,28,28
2019-20,Executive Assistant/Executive Secretary,52.0402,Business Operations Support and Assistant Services,52.04,"Business, Management, Marketing, and Related Support Services",52,TCAT,Hohenwald,Main Campus,"Lewis County, Tennessee",47101,3,10,13
2019-20,Industrial Mechanics and Maintenance Technology/Technician,47.0303,Heavy/Industrial Equipment Maintenance Technologies/Technicians,47.03,Mechanic and Repair Technologies/Technicians,47,TCAT,Hohenwald,Maury County Instructional Service Center,"Maury County, Tennessee",47119,1,8,9
2019-20,Industrial Mechanics and Maintenance Technology/Technician,47.0303,Heavy/Industrial Equipment Maintenance Technologies/Technicians,47.03,Mechanic and Repair Technologies/Technicians,47,TCAT,Hohenwald,Perry County Instructional Service Center,"Perry County, Tennessee",47135,0,3,3
2019-20,Welding Technology/Welder,48.0508,Precision Metal Working,48.05,Precision Production,48,TCAT,Hohenwald,Perry County Instructional Service Center,"Perry County, Tennessee",47135,2,0,2
2019-20,Licensed Practical/Vocational Nurse Training,51.3901,"Practical Nursing, Vocational Nursing and Nursing Assistants",51.39,Health Professions and Related Programs,51,TCAT,Hohenwald,Spring Hill High School Instructional Service Cent,"Maury County, Tennessee",47119,0,10,10
2019-20,Industrial Mechanics and Maintenance Technology/Technician,47.0303,Heavy/Industrial Equipment Maintenance Technologies/Technicians,47.03,Mechanic and Repair Technologies/Technicians,47,TCAT,Hohenwald,Wayne County Instructional Service Center,"Wayne County, Tennessee",47181,3,6,9
2019-20,Licensed Practical/Vocational Nurse Training,51.3901,"Practical Nursing, Vocational Nursing and Nursing Assistants",51.39,Health Professions and Related Programs,51,TCAT,Hohenwald,Wayne Medical Instructional Service Center,"Wayne County, Tennessee",47181,0,10,10
2019-20,Computer Support Specialist,11.1006,Computer/Information Technology Administration and Management,11.10,Computer and Information Sciences and Support Services,11,TCAT,Jacksboro,Main Campus,"Campbell County, Tennessee",47013,2,7,9
2019-20,Electrician,46.0302,Electrical and Power Transmission Installers,46.03,Construction Trades,46,TCAT,Jacksboro,Main Campus,"Campbell County, Tennessee",47013,1,6,7
2019-20,"Construction Trades, Other",46.9999,"Construction Trades, Other",46.99,Construction Trades,46,TCAT,Jacksboro,Main Campus,"Campbell County, Tennessee",47013,4,0,4
2019-20,Automobile/Automotive Mechanics Technology/Technician,47.0604,Vehicle Maintenance and Repair Technologies/Technicians,47.06,Mechanic and Repair Technologies/Technicians,47,TCAT,Jacksboro,Main Campus,"Campbell County, Tennessee",47013,3,8,11
2019-20,Motorcycle Maintenance and Repair Technology/Technician,47.0611,Vehicle Maintenance and Repair Technologies/Technicians,47.06,Mechanic and Repair Technologies/Technicians,47,TCAT,Jacksboro,Main Campus,"Campbell County, Tennessee",47013,0,6,6
2019-20,Machine Tool Technology/Machinist,48.0501,Precision Metal Working,48.05,Precision Production,48,TCAT,Jacksboro,Main Campus,"Campbell County, Tennessee",47013,1,3,4
2019-20,Welding Technology/Welder,48.0508,Precision Metal Working,48.05,Precision Production,48,TCAT,Jacksboro,Main Campus,"Campbell County, Tennessee",47013,3,14,17
2019-20,Pharmacy Technician/Assistant,51.0805,Allied Health and Medical Assisting Services,51.08,Health Professions and Related Programs,51,TCAT,Jacksboro,Main Campus,"Campbell County, Tennessee",47013,0,6,6
2019-20,Licensed Practical/Vocational Nurse Training,51.3901,"Practical Nursing, Vocational Nursing and Nursing Assistants",51.39,Health Professions and Related Programs,51,TCAT,Jacksboro,Main Campus,"Campbell County, Tennessee",47013,0,24,24
2019-20,Executive Assistant/Executive Secretary,52.0402,Business Operations Support and Assistant Services,52.04,"Business, Management, Marketing, and Related Support Services",52,TCAT,Jacksboro,Main Campus,"Campbell County, Tennessee",47013,2,4,6
2019-20,"Cosmetology/Cosmetologist, General",12.0401,Cosmetology and Related Personal Grooming Services,12.04,"Culinary, Entertainment, and Personal Services",12,TCAT,Jacksboro,Woodson Mall,"Campbell County, Tennessee",47013,2,11,13
2019-20,Licensed Practical/Vocational Nurse Training,51.3901,"Practical Nursing, Vocational Nursing and Nursing Assistants",51.39,Health Professions and Related Programs,51,TCAT,Jackson,Henderson/Chester County Instructional Service Cen,"Chester County, Tennessee",47023,2,20,22
2019-20,Licensed Practical/Vocational Nurse Training,51.3901,"Practical Nursing, Vocational Nursing and Nursing Assistants",51.39,Health Professions and Related Programs,51,TCAT,Jackson,Humboldt Higher Education Instructional Service Ce,"Crockett County, Tennessee",47033,2,17,19
2019-20,Computer Support Specialist,11.1006,Computer/Information Technology Administration and Management,11.10,Computer and Information Sciences and Support Services,11,TCAT,Jackson,Lexington Extension Campus,"Henderson County, Tennessee",47077,3,1,4
2019-20,Electrician,46.0302,Electrical and Power Transmission Installers,46.03,Construction Trades,46,TCAT,Jackson,Lexington Extension Campus,"Henderson County, Tennessee",47077,2,19,21
2019-20,Machine Tool Technology/Machinist,48.0501,Precision Metal Working,48.05,Precision Production,48,TCAT,Jackson,Lexington Extension Campus,"Henderson County, Tennessee",47077,3,6,9
2019-20,Welding Technology/Welder,48.0508,Precision Metal Working,48.05,Precision Production,48,TCAT,Jackson,Lexington Extension Campus,"Henderson County, Tennessee",47077,6,7,13
2019-20,Licensed Practical/Vocational Nurse Training,51.3901,"Practical Nursing, Vocational Nursing and Nursing Assistants",51.39,Health Professions and Related Programs,51,TCAT,Jackson,Lexington Extension Campus,"Henderson County, Tennessee",47077,4,14,18
2019-20,Executive Assistant/Executive Secretary,52.0402,Business Operations Support and Assistant Services,52.04,"Business, Management, Marketing, and Related Support Services",52,TCAT,Jackson,Lexington Extension Campus,"Henderson County, Tennessee",47077,2,4,6
2019-20,Business/Office Automation/Technology/Data Entry,52.0407,Business Operations Support and Assistant Services,52.04,"Business, Management, Marketing, and Related Support Services",52,TCAT,Jackson,Lexington Extension Campus,"Henderson County, Tennessee",47077,3,1,4
2019-20,Hotel/Motel Administration/Management,52.0904,Hospitality Administration/Management,52.09,"Business, Management, Marketing, and Related Support Services",52,TCAT,Jackson,Lexington Extension Campus,"Henderson County, Tennessee",47077,0,2,2
2019-20,Computer Support Specialist,11.1006,Computer/Information Technology Administration and Management,11.10,Computer and Information Sciences and Support Services,11,TCAT,Jackson,Main Campus,"Madison County, Tennessee",47113,5,3,8
2019-20,"Drafting and Design Technology/Technician, General",15.1301,Drafting/Design Engineering Technologies/Technicians,15.13,Engineering/Engineering-Related Technologies/Technicians,15,TCAT,Jackson,Main Campus,"Madison County, Tennessee",47113,1,0,1
2019-20,"Heating, Air Conditioning, Ventilation and Refrigeration Maintenance Technology/Technician",47.0201,"Heating, Air Conditioning, Ventilation and Refrigeration Maintenance Technology/Technician (HAC, HACR, HVAC, HVACR)",47.02,Mechanic and Repair Technologies/Technicians,47,TCAT,Jackson,Main Campus,"Madison County, Tennessee",47113,5,10,15
2019-20,Industrial Mechanics and Maintenance Technology/Technician,47.0303,Heavy/Industrial Equipment Maintenance Technologies/Technicians,47.03,Mechanic and Repair Technologies/Technicians,47,TCAT,Jackson,Main Campus,"Madison County, Tennessee",47113,2,7,9
2019-20,Autobody/Collision and Repair Technology/Technician,47.0603,Vehicle Maintenance and Repair Technologies/Technicians,47.06,Mechanic and Repair Technologies/Technicians,47,TCAT,Jackson,Main Campus,"Madison County, Tennessee",47113,2,5,7
2019-20,Automobile/Automotive Mechanics Technology/Technician,47.0604,Vehicle Maintenance and Repair Technologies/Technicians,47.06,Mechanic and Repair Technologies/Technicians,47,TCAT,Jackson,Main Campus,"Madison County, Tennessee",47113,11,0,11
2019-20,Welding Technology/Welder,48.0508,Precision Metal Working,48.05,Precision Production,48,TCAT,Jackson,Main Campus,"Madison County, Tennessee",47113,10,10,20
2019-20,Truck and Bus Driver/Commercial Vehicle Operator and Instructor,49.0205,Ground Transportation,49.02,Transportation and Materials Moving,49,TCAT,Jackson,Main Campus,"Madison County, Tennessee",47113,36,0,36
2019-20,Health Information/Medical Records Technology/Technician,51.0707,Health and Medical Administrative Services,51.07,Health Professions and Related Programs,51,TCAT,Jackson,Main Campus,"Madison County, Tennessee",47113,0,4,4
2019-20,Surgical Technology/Technologist,51.0909,"Allied Health Diagnostic, Intervention, and Treatment Professions",51.09,Health Professions and Related Programs,51,TCAT,Jackson,Main Campus,"Madison County, Tennessee",47113,0,11,11
2019-20,Licensed Practical/Vocational Nurse Training,51.3901,"Practical Nursing, Vocational Nursing and Nursing Assistants",51.39,Health Professions and Related Programs,51,TCAT,Jackson,Main Campus,"Madison County, Tennessee",47113,4,14,18
2019-20,Executive Assistant/Executive Secretary,52.0402,Business Operations Support and Assistant Services,52.04,"Business, Management, Marketing, and Related Support Services",52,TCAT,Jackson,Main Campus,"Madison County, Tennessee",47113,0,8,8
2019-20,Tool and Die Technology/Technician,48.0507,Precision Metal Working,48.05,Precision Production,48,TCAT,Jackson,McWherter Instructional Service Center,"Madison County, Tennessee",47113,3,12,15
2019-20,Machine Tool Technology/Machinist,48.0501,Precision Metal Working,48.05,Precision Production,48,TCAT,Knoxville,Anderson County Career and Technical Center,"Anderson County, Tennessee",47001,0,3,3
2019-20,Welding Technology/Welder,48.0508,Precision Metal Working,48.05,Precision Production,48,TCAT,Knoxville,Anderson County Career and Technical Center,"Anderson County, Tennessee",47001,2,7,9
2019-20,Computer Support Specialist,11.1006,Computer/Information Technology Administration and Management,11.10,Computer and Information Sciences and Support Services,11,TCAT,Knoxville,Main Campus,"Knox County, Tennessee",47093,6,0,6
2019-20,"Cosmetology/Cosmetologist, General",12.0401,Cosmetology and Related Personal Grooming Services,12.04,"Culinary, Entertainment, and Personal Services",12,TCAT,Knoxville,Main Campus,"Knox County, Tennessee",47093,0,20,20
2019-20,Electrician,46.0302,Electrical and Power Transmission Installers,46.03,Construction Trades,46,TCAT,Knoxville,Main Campus,"Knox County, Tennessee",47093,10,22,32
2019-20,Pipefitting/Pipefitter and Sprinkler Fitter,46.0502,Plumbing and Related Water Supply Services,46.05,Construction Trades,46,TCAT,Knoxville,Main Campus,"Knox County, Tennessee",47093,1,8,9
2019-20,"Heating, Air Conditioning, Ventilation and Refrigeration Maintenance Technology/Technician",47.0201,"Heating, Air Conditioning, Ventilation and Refrigeration Maintenance Technology/Technician (HAC, HACR, HVAC, HVACR)",47.02,Mechanic and Repair Technologies/Technicians,47,TCAT,Knoxville,Main Campus,"Knox County, Tennessee",47093,1,16,17
2019-20,Industrial Mechanics and Maintenance Technology/Technician,47.0303,Heavy/Industrial Equipment Maintenance Technologies/Technicians,47.03,Mechanic and Repair Technologies/Technicians,47,TCAT,Knoxville,Main Campus,"Knox County, Tennessee",47093,0,12,12
2019-20,Autobody/Collision and Repair Technology/Technician,47.0603,Vehicle Maintenance and Repair Technologies/Technicians,47.06,Mechanic and Repair Technologies/Technicians,47,TCAT,Knoxville,Main Campus,"Knox County, Tennessee",47093,1,6,7
2019-20,Automobile/Automotive Mechanics Technology/Technician,47.0604,Vehicle Maintenance and Repair Technologies/Technicians,47.06,Mechanic and Repair Technologies/Technicians,47,TCAT,Knoxville,Main Campus,"Knox County, Tennessee",47093,19,2,21
2019-20,Diesel Mechanics Technology/Technician,47.0605,Vehicle Maintenance and Repair Technologies/Technicians,47.06,Mechanic and Repair Technologies/Technicians,47,TCAT,Knoxville,Main Campus,"Knox County, Tennessee",47093,4,17,21
2019-20,Machine Tool Technology/Machinist,48.0501,Precision Metal Working,48.05,Precision Production,48,TCAT,Knoxville,Main Campus,"Knox County, Tennessee",47093,1,11,12
2019-20,Welding Technology/Welder,48.0508,Precision Metal Working,48.05,Precision Production,48,TCAT,Knoxville,Main Campus,"Knox County, Tennessee",47093,1,12,13
2019-20,Truck and Bus Driver/Commercial Vehicle Operator and Instructor,49.0205,Ground Transportation,49.02,Transportation and Materials Moving,49,TCAT,Knoxville,Main Campus,"Knox County, Tennessee",47093,12,0,12
2019-20,Dental Assisting/Assistant,51.0601,Dental Support Services and Allied Professions,51.06,Health Professions and Related Programs,51,TCAT,Knoxville,Main Campus,"Knox County, Tennessee",47093,0,16,16
2019-20,Medical Office Assistant/Specialist,51.0710,Health and Medical Administrative Services,51.07,Health Professions and Related Programs,51,TCAT,Knoxville,Main Campus,"Knox County, Tennessee",47093,0,20,20
2019-20,Medical/Clinical Assistant,51.0801,Allied Health and Medical Assisting Services,51.08,Health Professions and Related Programs,51,TCAT,Knoxville,Main Campus,"Knox County, Tennessee",47093,0,14,14
2019-20,Surgical Technology/Technologist,51.0909,"Allied Health Diagnostic, Intervention, and Treatment Professions",51.09,Health Professions and Related Programs,51,TCAT,Knoxville,Main Campus,"Knox County, Tennessee",47093,0,25,25
2019-20,Licensed Practical/Vocational Nurse Training,51.3901,"Practical Nursing, Vocational Nursing and Nursing Assistants",51.39,Health Professions and Related Programs,51,TCAT,Knoxville,Main Campus,"Knox County, Tennessee",47093,0,86,86
2019-20,Nursing Assistant/Aide and Patient Care Assistant/Aide,51.3902,"Practical Nursing, Vocational Nursing and Nursing Assistants",51.39,Health Professions and Related Programs,51,TCAT,Knoxville,Main Campus,"Knox County, Tennessee",47093,37,0,37
2019-20,Executive Assistant/Executive Secretary,52.0402,Business Operations Support and Assistant Services,52.04,"Business, Management, Marketing, and Related Support Services",52,TCAT,Knoxville,Main Campus,"Knox County, Tennessee",47093,4,8,12
2019-20,Welding Technology/Welder,48.0508,Precision Metal Working,48.05,Precision Production,48,TCAT,Knoxville,Oak Ridge High School,"Anderson County, Tennessee",47001,0,6,6
2019-20,"Heating, Air Conditioning, Ventilation and Refrigeration Maintenance Technology/Technician",47.0201,"Heating, Air Conditioning, Ventilation and Refrigeration Maintenance Technology/Technician (HAC, HACR, HVAC, HVACR)",47.02,Mechanic and Repair Technologies/Technicians,47,TCAT,Knoxville,Pellissippi State Community College -Strawberry Pl,"Knox County, Tennessee",47093,1,8,9
2019-20,Welding Technology/Welder,48.0508,Precision Metal Working,48.05,Precision Production,48,TCAT,Knoxville,Pellissippi State Community College -Strawberry Pl,"Knox County, Tennessee",47093,0,5,5
2019-20,"Health Professions and Related Clinical Sciences, Other",51.9999,"Health Professions and Related Clinical Sciences, Other",51.99,Health Professions and Related Programs,51,TCAT,Livingston,Clay County High School,"Clay County, Tennessee",47027,8,0,8
2019-20,Industrial Mechanics and Maintenance Technology/Technician,47.0303,Heavy/Industrial Equipment Maintenance Technologies/Technicians,47.03,Mechanic and Repair Technologies/Technicians,47,TCAT,Livingston,Cookeville Higher Education Campus,"Putnam County, Tennessee",47141,1,5,6
2019-20,Welding Technology/Welder,48.0508,Precision Metal Working,48.05,Precision Production,48,TCAT,Livingston,Cookeville Higher Education Campus,"Putnam County, Tennessee",47141,0,15,15
2019-20,Medical/Clinical Assistant,51.0801,Allied Health and Medical Assisting Services,51.08,Health Professions and Related Programs,51,TCAT,Livingston,Cookeville Higher Education Campus,"Putnam County, Tennessee",47141,0,3,3
2019-20,Licensed Practical/Vocational Nurse Training,51.3901,"Practical Nursing, Vocational Nursing and Nursing Assistants",51.39,Health Professions and Related Programs,51,TCAT,Livingston,Cookeville Higher Education Campus,"Putnam County, Tennessee",47141,0,28,28
2019-20,Diesel Mechanics Technology/Technician,47.0605,Vehicle Maintenance and Repair Technologies/Technicians,47.06,Mechanic and Repair Technologies/Technicians,47,TCAT,Livingston,Fitzgerald Collision and  Repair Center  ,"Overton County, Tennessee",47133,2,8,10
2019-20,Information Technology,11.0103,"Computer and Information Sciences, General",11.01,Computer and Information Sciences and Support Services,11,TCAT,Livingston,Main Campus,"Overton County, Tennessee",47133,1,13,14
2019-20,"Cosmetology/Cosmetologist, General",12.0401,Cosmetology and Related Personal Grooming Services,12.04,"Culinary, Entertainment, and Personal Services",12,TCAT,Livingston,Main Campus,"Overton County, Tennessee",47133,0,18,18
2019-20,Nail Technician/Specialist and Manicurist,12.0410,Cosmetology and Related Personal Grooming Services,12.04,"Culinary, Entertainment, and Personal Services",12,TCAT,Livingston,Main Campus,"Overton County, Tennessee",47133,5,0,5
2019-20,"Cosmetology, Barber/Styling, and Nail Instructor",12.0413,Cosmetology and Related Personal Grooming Services,12.04,"Culinary, Entertainment, and Personal Services",12,TCAT,Livingston,Main Campus,"Overton County, Tennessee",47133,1,0,1
2019-20,Building Construction Technology/Technician,46.0415,"Building/Construction Finishing, Management, and Inspection",46.04,Construction Trades,46,TCAT,Livingston,Main Campus,"Overton County, Tennessee",47133,2,9,11
2019-20,Industrial Mechanics and Maintenance Technology/Technician,47.0303,Heavy/Industrial Equipment Maintenance Technologies/Technicians,47.03,Mechanic and Repair Technologies/Technicians,47,TCAT,Livingston,Main Campus,"Overton County, Tennessee",47133,2,10,12
2019-20,Autobody/Collision and Repair Technology/Technician,47.0603,Vehicle Maintenance and Repair Technologies/Technicians,47.06,Mechanic and Repair Technologies/Technicians,47,TCAT,Livingston,Main Campus,"Overton County, Tennessee",47133,0,9,9
2019-20,Automobile/Automotive Mechanics Technology/Technician,47.0604,Vehicle Maintenance and Repair Technologies/Technicians,47.06,Mechanic and Repair Technologies/Technicians,47,TCAT,Livingston,Main Campus,"Overton County, Tennessee",47133,0,11,11
2019-20,Machine Tool Technology/Machinist,48.0501,Precision Metal Working,48.05,Precision Production,48,TCAT,Livingston,Main Campus,"Overton County, Tennessee",47133,2,1,3
2019-20,Welding Technology/Welder,48.0508,Precision Metal Working,48.05,Precision Production,48,TCAT,Livingston,Main Campus,"Overton County, Tennessee",47133,0,12,12
2019-20,Pharmacy Technician/Assistant,51.0805,Allied Health and Medical Assisting Services,51.08,Health Professions and Related Programs,51,TCAT,Livingston,Main Campus,"Overton County, Tennessee",47133,0,7,7
2019-20,Emergency Medical Technology/Technician (EMT Paramedic),51.0904,"Allied Health Diagnostic, Intervention, and Treatment Professions",51.09,Health Professions and Related Programs,51,TCAT,Livingston,Main Campus,"Overton County, Tennessee",47133,15,0,15
2019-20,Licensed Practical/Vocational Nurse Training,51.3901,"Practical Nursing, Vocational Nursing and Nursing Assistants",51.39,Health Professions and Related Programs,51,TCAT,Livingston,Main Campus,"Overton County, Tennessee",47133,0,54,54
2019-20,"Logistics, Materials, and Supply Chain Management",52.0203,"Business Administration, Management and Operations",52.02,"Business, Management, Marketing, and Related Support Services",52,TCAT,Livingston,Main Campus,"Overton County, Tennessee",47133,0,4,4
2019-20,Executive Assistant/Executive Secretary,52.0402,Business Operations Support and Assistant Services,52.04,"Business, Management, Marketing, and Related Support Services",52,TCAT,Livingston,Main Campus,"Overton County, Tennessee",47133,2,16,18
2019-20,Information Technology,11.0103,"Computer and Information Sciences, General",11.01,Computer and Information Sciences and Support Services,11,TCAT,Livingston,Pickett County High School,"Pickett County, Tennessee",47137,6,0,6
2019-20,Computer Systems Networking and Telecommunications,11.0901,Computer Systems Networking and Telecommunications,11.09,Computer and Information Sciences and Support Services,11,TCAT,McKenzie,Main Campus,"Carroll County, Tennessee",47017,9,3,12
2019-20,"Heating, Air Conditioning, Ventilation and Refrigeration Maintenance Technology/Technician",47.0201,"Heating, Air Conditioning, Ventilation and Refrigeration Maintenance Technology/Technician (HAC, HACR, HVAC, HVACR)",47.02,Mechanic and Repair Technologies/Technicians,47,TCAT,McKenzie,Main Campus,"Carroll County, Tennessee",47017,2,13,15
2019-20,Industrial Mechanics and Maintenance Technology/Technician,47.0303,Heavy/Industrial Equipment Maintenance Technologies/Technicians,47.03,Mechanic and Repair Technologies/Technicians,47,TCAT,McKenzie,Main Campus,"Carroll County, Tennessee",47017,6,16,22
2019-20,Automobile/Automotive Mechanics Technology/Technician,47.0604,Vehicle Maintenance and Repair Technologies/Technicians,47.06,Mechanic and Repair Technologies/Technicians,47,TCAT,McKenzie,Main Campus,"Carroll County, Tennessee",47017,2,4,6
2019-20,Machine Tool Technology/Machinist,48.0501,Precision Metal Working,48.05,Precision Production,48,TCAT,McKenzie,Main Campus,"Carroll County, Tennessee",47017,1,7,8
2019-20,Welding Technology/Welder,48.0508,Precision Metal Working,48.05,Precision Production,48,TCAT,McKenzie,Main Campus,"Carroll County, Tennessee",47017,0,20,20
2019-20,Executive Assistant/Executive Secretary,52.0402,Business Operations Support and Assistant Services,52.04,"Business, Management, Marketing, and Related Support Services",52,TCAT,McKenzie,Main Campus,"Carroll County, Tennessee",47017,5,8,13
2019-20,Welding Technology/Welder,48.0508,Precision Metal Working,48.05,Precision Production,48,TCAT,McKenzie,Weakley County Center for Adults,"Weakley County, Tennessee",47183,2,5,7
2019-20,"Cosmetology/Cosmetologist, General",12.0401,Cosmetology and Related Personal Grooming Services,12.04,"Culinary, Entertainment, and Personal Services",12,TCAT,McMinnville,Coffee County High School,"Coffee County, Tennessee",47031,0,3,3
2019-20,Computer Support Specialist,11.1006,Computer/Information Technology Administration and Management,11.10,Computer and Information Sciences and Support Services,11,TCAT,McMinnville,Main Campus,"Warren County, Tennessee",47177,5,2,7
2019-20,Electrician,46.0302,Electrical and Power Transmission Installers,46.03,Construction Trades,46,TCAT,McMinnville,Main Campus,"Warren County, Tennessee",47177,0,11,11
2019-20,Industrial Mechanics and Maintenance Technology/Technician,47.0303,Heavy/Industrial Equipment Maintenance Technologies/Technicians,47.03,Mechanic and Repair Technologies/Technicians,47,TCAT,McMinnville,Main Campus,"Warren County, Tennessee",47177,1,17,18
2019-20,Automobile/Automotive Mechanics Technology/Technician,47.0604,Vehicle Maintenance and Repair Technologies/Technicians,47.06,Mechanic and Repair Technologies/Technicians,47,TCAT,McMinnville,Main Campus,"Warren County, Tennessee",47177,3,9,12
2019-20,Machine Tool Technology/Machinist,48.0501,Precision Metal Working,48.05,Precision Production,48,TCAT,McMinnville,Main Campus,"Warren County, Tennessee",47177,0,8,8
2019-20,Welding Technology/Welder,48.0508,Precision Metal Working,48.05,Precision Production,48,TCAT,McMinnville,Main Campus,"Warren County, Tennessee",47177,1,10,11
2019-20,Licensed Practical/Vocational Nurse Training,51.3901,"Practical Nursing, Vocational Nursing and Nursing Assistants",51.39,Health Professions and Related Programs,51,TCAT,McMinnville,Main Campus,"Warren County, Tennessee",47177,0,37,37
2019-20,Industrial Mechanics and Maintenance Technology/Technician,47.0303,Heavy/Industrial Equipment Maintenance Technologies/Technicians,47.03,Mechanic and Repair Technologies/Technicians,47,TCAT,McMinnville,VIAM Manufacturing Inc.,"Coffee County, Tennessee",47031,0,9,9
2019-20,Veterinary/Animal Health Technology/Technician and Veterinary Assistant,01.8301,Veterinary/Animal Health Technologies/Technicians,01.83,Agricultural/Animal/Plant/Veterinary Science and Related Fields,01,TCAT,Memphis,Main Campus,"Shelby County, Tennessee",47157,13,2,15
2019-20,Computer Support Specialist,11.1006,Computer/Information Technology Administration and Management,11.10,Computer and Information Sciences and Support Services,11,TCAT,Memphis,Main Campus,"Shelby County, Tennessee",47157,5,10,15
2019-20,"Cosmetology/Cosmetologist, General",12.0401,Cosmetology and Related Personal Grooming Services,12.04,"Culinary, Entertainment, and Personal Services",12,TCAT,Memphis,Main Campus,"Shelby County, Tennessee",47157,22,14,36
2019-20,Barbering/Barber,12.0402,Cosmetology and Related Personal Grooming Services,12.04,"Culinary, Entertainment, and Personal Services",12,TCAT,Memphis,Main Campus,"Shelby County, Tennessee",47157,5,11,16
2019-20,"Drafting and Design Technology/Technician, General",15.1301,Drafting/Design Engineering Technologies/Technicians,15.13,Engineering/Engineering-Related Technologies/Technicians,15,TCAT,Memphis,Main Campus,"Shelby County, Tennessee",47157,4,6,10
2019-20,Building Construction Technology/Technician,46.0415,"Building/Construction Finishing, Management, and Inspection",46.04,Construction Trades,46,TCAT,Memphis,Main Campus,"Shelby County, Tennessee",47157,0,8,8
2019-20,Industrial Electronics Technology/Technician,47.0105,Electrical/Electronics Maintenance and Repair Technologies/Technicians,47.01,Mechanic and Repair Technologies/Technicians,47,TCAT,Memphis,Main Campus,"Shelby County, Tennessee",47157,0,6,6
2019-20,"Heating, Air Conditioning, Ventilation and Refrigeration Maintenance Technology/Technician",47.0201,"Heating, Air Conditioning, Ventilation and Refrigeration Maintenance Technology/Technician (HAC, HACR, HVAC, HVACR)",47.02,Mechanic and Repair Technologies/Technicians,47,TCAT,Memphis,Main Campus,"Shelby County, Tennessee",47157,3,4,7
2019-20,Industrial Mechanics and Maintenance Technology/Technician,47.0303,Heavy/Industrial Equipment Maintenance Technologies/Technicians,47.03,Mechanic and Repair Technologies/Technicians,47,TCAT,Memphis,Main Campus,"Shelby County, Tennessee",47157,0,8,8
2019-20,Autobody/Collision and Repair Technology/Technician,47.0603,Vehicle Maintenance and Repair Technologies/Technicians,47.06,Mechanic and Repair Technologies/Technicians,47,TCAT,Memphis,Main Campus,"Shelby County, Tennessee",47157,6,3,9
2019-20,Automobile/Automotive Mechanics Technology/Technician,47.0604,Vehicle Maintenance and Repair Technologies/Technicians,47.06,Mechanic and Repair Technologies/Technicians,47,TCAT,Memphis,Main Campus,"Shelby County, Tennessee",47157,4,3,7
2019-20,Diesel Mechanics Technology/Technician,47.0605,Vehicle Maintenance and Repair Technologies/Technicians,47.06,Mechanic and Repair Technologies/Technicians,47,TCAT,Memphis,Main Campus,"Shelby County, Tennessee",47157,5,13,18
2019-20,Machine Tool Technology/Machinist,48.0501,Precision Metal Working,48.05,Precision Production,48,TCAT,Memphis,Main Campus,"Shelby County, Tennessee",47157,0,7,7
2019-20,Welding Technology/Welder,48.0508,Precision Metal Working,48.05,Precision Production,48,TCAT,Memphis,Main Campus,"Shelby County, Tennessee",47157,3,12,15
2019-20,Truck and Bus Driver/Commercial Vehicle Operator and Instructor,49.0205,Ground Transportation,49.02,Transportation and Materials Moving,49,TCAT,Memphis,Main Campus,"Shelby County, Tennessee",47157,28,0,28
2019-20,Commercial and Advertising Art,50.0402,Design and Applied Arts,50.04,Visual and Performing Arts,50,TCAT,Memphis,Main Campus,"Shelby County, Tennessee",47157,5,7,12
2019-20,Dental Assisting/Assistant,51.0601,Dental Support Services and Allied Professions,51.06,Health Professions and Related Programs,51,TCAT,Memphis,Main Campus,"Shelby County, Tennessee",47157,0,14,14
2019-20,Dental Laboratory Technology/Technician,51.0603,Dental Support Services and Allied Professions,51.06,Health Professions and Related Programs,51,TCAT,Memphis,Main Campus,"Shelby County, Tennessee",47157,2,1,3
2019-20,Pharmacy Technician/Assistant,51.0805,Allied Health and Medical Assisting Services,51.08,Health Professions and Related Programs,51,TCAT,Memphis,Main Campus,"Shelby County, Tennessee",47157,0,14,14
2019-20,Licensed Practical/Vocational Nurse Training,51.3901,"Practical Nursing, Vocational Nursing and Nursing Assistants",51.39,Health Professions and Related Programs,51,TCAT,Memphis,Main Campus,"Shelby County, Tennessee",47157,10,3,13
2019-20,Executive Assistant/Executive Secretary,52.0402,Business Operations Support and Assistant Services,52.04,"Business, Management, Marketing, and Related Support Services",52,TCAT,Memphis,Main Campus,"Shelby County, Tennessee",47157,2,4,6
2019-20,Airframe Mechanics and Aircraft Maintenance Technology/Technician,47.0607,Vehicle Maintenance and Repair Technologies/Technicians,47.06,Mechanic and Repair Technologies/Technicians,47,TCAT,Memphis,Memphis International Airport,"Shelby County, Tennessee",47157,0,7,7
2019-20,Avionics Maintenance Technology/Technician,47.0609,Vehicle Maintenance and Repair Technologies/Technicians,47.06,Mechanic and Repair Technologies/Technicians,47,TCAT,Memphis,Memphis International Airport,"Shelby County, Tennessee",47157,0,4,4
2019-20,Airframe Mechanics and Aircraft Maintenance Technology/Technician,47.0607,Vehicle Maintenance and Repair Technologies/Technicians,47.06,Mechanic and Repair Technologies/Technicians,47,TCAT,Morristown,Airport Extension ,"Hamblen County, Tennessee",47063,0,15,15
2019-20,Computer Support Specialist,11.1006,Computer/Information Technology Administration and Management,11.10,Computer and Information Sciences and Support Services,11,TCAT,Morristown,Greene Technology Center ISC,"Greene County, Tennessee",47059,0,1,1
2019-20,"Cosmetology/Cosmetologist, General",12.0401,Cosmetology and Related Personal Grooming Services,12.04,"Culinary, Entertainment, and Personal Services",12,TCAT,Morristown,Greene Technology Center ISC,"Greene County, Tennessee",47059,0,9,9
2019-20,Electrician,46.0302,Electrical and Power Transmission Installers,46.03,Construction Trades,46,TCAT,Morristown,Greene Technology Center ISC,"Greene County, Tennessee",47059,1,7,8
2019-20,Autobody/Collision and Repair Technology/Technician,47.0603,Vehicle Maintenance and Repair Technologies/Technicians,47.06,Mechanic and Repair Technologies/Technicians,47,TCAT,Morristown,Greene Technology Center ISC,"Greene County, Tennessee",47059,0,2,2
2019-20,Automobile/Automotive Mechanics Technology/Technician,47.0604,Vehicle Maintenance and Repair Technologies/Technicians,47.06,Mechanic and Repair Technologies/Technicians,47,TCAT,Morristown,Greene Technology Center ISC,"Greene County, Tennessee",47059,1,0,1
2019-20,Machine Tool Technology/Machinist,48.0501,Precision Metal Working,48.05,Precision Production,48,TCAT,Morristown,Greene Technology Center ISC,"Greene County, Tennessee",47059,3,0,3
2019-20,Welding Technology/Welder,48.0508,Precision Metal Working,48.05,Precision Production,48,TCAT,Morristown,Greene Technology Center ISC,"Greene County, Tennessee",47059,0,10,10
2019-20,Licensed Practical/Vocational Nurse Training,51.3901,"Practical Nursing, Vocational Nursing and Nursing Assistants",51.39,Health Professions and Related Programs,51,TCAT,Morristown,Greeneville Instructional Service Center ,"Greene County, Tennessee",47059,0,7,7
2019-20,Electrician,46.0302,Electrical and Power Transmission Installers,46.03,Construction Trades,46,TCAT,Morristown,Hawkins County Branch,"Hawkins County, Tennessee",47073,0,5,5
2019-20,"Heating, Air Conditioning, Ventilation and Refrigeration Maintenance Technology/Technician",47.0201,"Heating, Air Conditioning, Ventilation and Refrigeration Maintenance Technology/Technician (HAC, HACR, HVAC, HVACR)",47.02,Mechanic and Repair Technologies/Technicians,47,TCAT,Morristown,Hawkins County Branch,"Hawkins County, Tennessee",47073,2,7,9
2019-20,Industrial Mechanics and Maintenance Technology/Technician,47.0303,Heavy/Industrial Equipment Maintenance Technologies/Technicians,47.03,Mechanic and Repair Technologies/Technicians,47,TCAT,Morristown,Hawkins County Branch,"Hawkins County, Tennessee",47073,0,7,7
2019-20,Welding Technology/Welder,48.0508,Precision Metal Working,48.05,Precision Production,48,TCAT,Morristown,Hawkins County Branch,"Hawkins County, Tennessee",47073,2,14,16
2019-20,Executive Assistant/Executive Secretary,52.0402,Business Operations Support and Assistant Services,52.04,"Business, Management, Marketing, and Related Support Services",52,TCAT,Morristown,Hawkins County Branch,"Hawkins County, Tennessee",47073,4,13,17
2019-20,Computer Support Specialist,11.1006,Computer/Information Technology Administration and Management,11.10,Computer and Information Sciences and Support Services,11,TCAT,Morristown,Main Campus,"Hamblen County, Tennessee",47063,0,7,7
2019-20,"Drafting and Design Technology/Technician, General",15.1301,Drafting/Design Engineering Technologies/Technicians,15.13,Engineering/Engineering-Related Technologies/Technicians,15,TCAT,Morristown,Main Campus,"Hamblen County, Tennessee",47063,0,15,15
2019-20,Electrician,46.0302,Electrical and Power Transmission Installers,46.03,Construction Trades,46,TCAT,Morristown,Main Campus,"Hamblen County, Tennessee",47063,1,19,20
2019-20,Building Construction Technology/Technician,46.0415,"Building/Construction Finishing, Management, and Inspection",46.04,Construction Trades,46,TCAT,Morristown,Main Campus,"Hamblen County, Tennessee",47063,0,4,4
2019-20,Pipefitting/Pipefitter and Sprinkler Fitter,46.0502,Plumbing and Related Water Supply Services,46.05,Construction Trades,46,TCAT,Morristown,Main Campus,"Hamblen County, Tennessee",47063,1,6,7
2019-20,"Heating, Air Conditioning, Ventilation and Refrigeration Maintenance Technology/Technician",47.0201,"Heating, Air Conditioning, Ventilation and Refrigeration Maintenance Technology/Technician (HAC, HACR, HVAC, HVACR)",47.02,Mechanic and Repair Technologies/Technicians,47,TCAT,Morristown,Main Campus,"Hamblen County, Tennessee",47063,4,12,16
2019-20,Industrial Mechanics and Maintenance Technology/Technician,47.0303,Heavy/Industrial Equipment Maintenance Technologies/Technicians,47.03,Mechanic and Repair Technologies/Technicians,47,TCAT,Morristown,Main Campus,"Hamblen County, Tennessee",47063,3,48,51
2019-20,Autobody/Collision and Repair Technology/Technician,47.0603,Vehicle Maintenance and Repair Technologies/Technicians,47.06,Mechanic and Repair Technologies/Technicians,47,TCAT,Morristown,Main Campus,"Hamblen County, Tennessee",47063,1,8,9
2019-20,Automobile/Automotive Mechanics Technology/Technician,47.0604,Vehicle Maintenance and Repair Technologies/Technicians,47.06,Mechanic and Repair Technologies/Technicians,47,TCAT,Morristown,Main Campus,"Hamblen County, Tennessee",47063,3,15,18
2019-20,Machine Tool Technology/Machinist,48.0501,Precision Metal Working,48.05,Precision Production,48,TCAT,Morristown,Main Campus,"Hamblen County, Tennessee",47063,5,10,15
2019-20,Welding Technology/Welder,48.0508,Precision Metal Working,48.05,Precision Production,48,TCAT,Morristown,Main Campus,"Hamblen County, Tennessee",47063,6,22,28
2019-20,Commercial and Advertising Art,50.0402,Design and Applied Arts,50.04,Visual and Performing Arts,50,TCAT,Morristown,Main Campus,"Hamblen County, Tennessee",47063,0,12,12
2019-20,Licensed Practical/Vocational Nurse Training,51.3901,"Practical Nursing, Vocational Nursing and Nursing Assistants",51.39,Health Professions and Related Programs,51,TCAT,Morristown,Main Campus,"Hamblen County, Tennessee",47063,0,33,33
2019-20,Executive Assistant/Executive Secretary,52.0402,Business Operations Support and Assistant Services,52.04,"Business, Management, Marketing, and Related Support Services",52,TCAT,Morristown,Main Campus,"Hamblen County, Tennessee",47063,6,8,14
2019-20,Licensed Practical/Vocational Nurse Training,51.3901,"Practical Nursing, Vocational Nursing and Nursing Assistants",51.39,Health Professions and Related Programs,51,TCAT,Morristown,Sevierville Instructional Service Center,"Sevier County, Tennessee",47155,0,9,9
2019-20,Licensed Practical/Vocational Nurse Training,51.3901,"Practical Nursing, Vocational Nursing and Nursing Assistants",51.39,Health Professions and Related Programs,51,TCAT,Morristown,Tazewell Instructional Service Center,"Claiborne County, Tennessee",47025,0,10,10
2019-20,"System, Networking, and LAN/WAN Management/Manager",11.1002,Computer/Information Technology Administration and Management,11.10,Computer and Information Sciences and Support Services,11,TCAT,Murfreesboro,Main Campus,"Rutherford County, Tennessee",47149,15,2,17
2019-20,Computer Support Specialist,11.1006,Computer/Information Technology Administration and Management,11.10,Computer and Information Sciences and Support Services,11,TCAT,Murfreesboro,Main Campus,"Rutherford County, Tennessee",47149,4,2,6
2019-20,"Cosmetology/Cosmetologist, General",12.0401,Cosmetology and Related Personal Grooming Services,12.04,"Culinary, Entertainment, and Personal Services",12,TCAT,Murfreesboro,Main Campus,"Rutherford County, Tennessee",47149,0,16,16
2019-20,"Drafting and Design Technology/Technician, General",15.1301,Drafting/Design Engineering Technologies/Technicians,15.13,Engineering/Engineering-Related Technologies/Technicians,15,TCAT,Murfreesboro,Main Campus,"Rutherford County, Tennessee",47149,1,2,3
2019-20,Building Construction Technology/Technician,46.0415,"Building/Construction Finishing, Management, and Inspection",46.04,Construction Trades,46,TCAT,Murfreesboro,Main Campus,"Rutherford County, Tennessee",47149,2,9,11
2019-20,"Heating, Air Conditioning, Ventilation and Refrigeration Maintenance Technology/Technician",47.0201,"Heating, Air Conditioning, Ventilation and Refrigeration Maintenance Technology/Technician (HAC, HACR, HVAC, HVACR)",47.02,Mechanic and Repair Technologies/Technicians,47,TCAT,Murfreesboro,Main Campus,"Rutherford County, Tennessee",47149,2,15,17
2019-20,Commercial and Advertising Art,50.0402,Design and Applied Arts,50.04,Visual and Performing Arts,50,TCAT,Murfreesboro,Main Campus,"Rutherford County, Tennessee",47149,2,7,9
2019-20,Dental Assisting/Assistant,51.0601,Dental Support Services and Allied Professions,51.06,Health Professions and Related Programs,51,TCAT,Murfreesboro,Main Campus,"Rutherford County, Tennessee",47149,0,11,11
2019-20,Surgical Technology/Technologist,51.0909,"Allied Health Diagnostic, Intervention, and Treatment Professions",51.09,Health Professions and Related Programs,51,TCAT,Murfreesboro,Main Campus,"Rutherford County, Tennessee",47149,0,14,14
2019-20,Sterile Processing Technology/Technician,51.1012,Clinical/Medical Laboratory Science/Research and Allied Professions,51.10,Health Professions and Related Programs,51,TCAT,Murfreesboro,Main Campus,"Rutherford County, Tennessee",47149,11,0,11
2019-20,Licensed Practical/Vocational Nurse Training,51.3901,"Practical Nursing, Vocational Nursing and Nursing Assistants",51.39,Health Professions and Related Programs,51,TCAT,Murfreesboro,Main Campus,"Rutherford County, Tennessee",47149,0,34,34
2019-20,Executive Assistant/Executive Secretary,52.0402,Business Operations Support and Assistant Services,52.04,"Business, Management, Marketing, and Related Support Services",52,TCAT,Murfreesboro,Main Campus,"Rutherford County, Tennessee",47149,3,8,11
2019-20,Industrial Mechanics and Maintenance Technology/Technician,47.0303,Heavy/Industrial Equipment Maintenance Technologies/Technicians,47.03,Mechanic and Repair Technologies/Technicians,47,TCAT,Murfreesboro,TCAT Murfreesboro-Nissan Training Center,"Rutherford County, Tennessee",47149,4,33,37
2019-20,Autobody/Collision and Repair Technology/Technician,47.0603,Vehicle Maintenance and Repair Technologies/Technicians,47.06,Mechanic and Repair Technologies/Technicians,47,TCAT,Murfreesboro,TCAT Murfreesboro-Nissan Training Center,"Rutherford County, Tennessee",47149,4,8,12
2019-20,Automobile/Automotive Mechanics Technology/Technician,47.0604,Vehicle Maintenance and Repair Technologies/Technicians,47.06,Mechanic and Repair Technologies/Technicians,47,TCAT,Murfreesboro,TCAT Murfreesboro-Nissan Training Center,"Rutherford County, Tennessee",47149,6,39,45
2019-20,Machine Tool Technology/Machinist,48.0501,Precision Metal Working,48.05,Precision Production,48,TCAT,Murfreesboro,TCAT Murfreesboro-Nissan Training Center,"Rutherford County, Tennessee",47149,2,9,11
2019-20,Welding Technology/Welder,48.0508,Precision Metal Working,48.05,Precision Production,48,TCAT,Murfreesboro,TCAT Murfreesboro-Nissan Training Center,"Rutherford County, Tennessee",47149,3,12,15
2019-20,Computer Support Specialist,11.1006,Computer/Information Technology Administration and Management,11.10,Computer and Information Sciences and Support Services,11,TCAT,Nashville,Main Campus,"Davidson County, Tennessee",47037,16,3,19
2019-20,"Cosmetology/Cosmetologist, General",12.0401,Cosmetology and Related Personal Grooming Services,12.04,"Culinary, Entertainment, and Personal Services",12,TCAT,Nashville,Main Campus,"Davidson County, Tennessee",47037,6,40,46
2019-20,Aesthetician/Esthetician and Skin Care Specialist,12.0409,Cosmetology and Related Personal Grooming Services,12.04,"Culinary, Entertainment, and Personal Services",12,TCAT,Nashville,Main Campus,"Davidson County, Tennessee",47037,39,0,39
2019-20,Manufacturing Engineering Technology/Technician,15.0613,Industrial Production Technologies/Technicians,15.06,Engineering/Engineering-Related Technologies/Technicians,15,TCAT,Nashville,Main Campus,"Davidson County, Tennessee",47037,0,1,1
2019-20,"Drafting and Design Technology/Technician, General",15.1301,Drafting/Design Engineering Technologies/Technicians,15.13,Engineering/Engineering-Related Technologies/Technicians,15,TCAT,Nashville,Main Campus,"Davidson County, Tennessee",47037,3,12,15
2019-20,Child Care Provider/Assistant,19.0709,"Human Development, Family Studies, and Related Services",19.07,Family and Consumer Sciences/Human Sciences,19,TCAT,Nashville,Main Campus,"Davidson County, Tennessee",47037,4,13,17
2019-20,Building Construction Technology/Technician,46.0415,"Building/Construction Finishing, Management, and Inspection",46.04,Construction Trades,46,TCAT,Nashville,Main Campus,"Davidson County, Tennessee",47037,7,11,18
2019-20,"Heating, Air Conditioning, Ventilation and Refrigeration Maintenance Technology/Technician",47.0201,"Heating, Air Conditioning, Ventilation and Refrigeration Maintenance Technology/Technician (HAC, HACR, HVAC, HVACR)",47.02,Mechanic and Repair Technologies/Technicians,47,TCAT,Nashville,Main Campus,"Davidson County, Tennessee",47037,9,38,47
2019-20,Autobody/Collision and Repair Technology/Technician,47.0603,Vehicle Maintenance and Repair Technologies/Technicians,47.06,Mechanic and Repair Technologies/Technicians,47,TCAT,Nashville,Main Campus,"Davidson County, Tennessee",47037,0,9,9
2019-20,Automobile/Automotive Mechanics Technology/Technician,47.0604,Vehicle Maintenance and Repair Technologies/Technicians,47.06,Mechanic and Repair Technologies/Technicians,47,TCAT,Nashville,Main Campus,"Davidson County, Tennessee",47037,4,3,7
2019-20,Diesel Mechanics Technology/Technician,47.0605,Vehicle Maintenance and Repair Technologies/Technicians,47.06,Mechanic and Repair Technologies/Technicians,47,TCAT,Nashville,Main Campus,"Davidson County, Tennessee",47037,2,0,2
2019-20,Machine Tool Technology/Machinist,48.0501,Precision Metal Working,48.05,Precision Production,48,TCAT,Nashville,Main Campus,"Davidson County, Tennessee",47037,2,11,13
2019-20,Welding Technology/Welder,48.0508,Precision Metal Working,48.05,Precision Production,48,TCAT,Nashville,Main Campus,"Davidson County, Tennessee",47037,6,26,32
2019-20,Dental Assisting/Assistant,51.0601,Dental Support Services and Allied Professions,51.06,Health Professions and Related Programs,51,TCAT,Nashville,Main Campus,"Davidson County, Tennessee",47037,0,23,23
2019-20,Dental Laboratory Technology/Technician,51.0603,Dental Support Services and Allied Professions,51.06,Health Professions and Related Programs,51,TCAT,Nashville,Main Campus,"Davidson County, Tennessee",47037,2,9,11
2019-20,Phlebotomy Technician/Phlebotomist,51.1009,Clinical/Medical Laboratory Science/Research and Allied Professions,51.10,Health Professions and Related Programs,51,TCAT,Nashville,Main Campus,"Davidson County, Tennessee",47037,14,0,14
2019-20,Licensed Practical/Vocational Nurse Training,51.3901,"Practical Nursing, Vocational Nursing and Nursing Assistants",51.39,Health Professions and Related Programs,51,TCAT,Nashville,Main Campus,"Davidson County, Tennessee",47037,11,52,63
2019-20,Executive Assistant/Executive Secretary,52.0402,Business Operations Support and Assistant Services,52.04,"Business, Management, Marketing, and Related Support Services",52,TCAT,Nashville,Main Campus,"Davidson County, Tennessee",47037,7,3,10
2019-20,Airframe Mechanics and Aircraft Maintenance Technology/Technician,47.0607,Vehicle Maintenance and Repair Technologies/Technicians,47.06,Mechanic and Repair Technologies/Technicians,47,TCAT,Nashville,Nashville Technology Center- Extension Campus,"Davidson County, Tennessee",47037,0,28,28
2019-20,Computer Support Specialist,11.1006,Computer/Information Technology Administration and Management,11.10,Computer and Information Sciences and Support Services,11,TCAT,Nashville,TCAT - Portland Campus,"Sumner County, Tennessee",47165,6,5,11
2019-20,Manufacturing Engineering Technology/Technician,15.0613,Industrial Production Technologies/Technicians,15.06,Engineering/Engineering-Related Technologies/Technicians,15,TCAT,Nashville,TCAT - Portland Campus,"Sumner County, Tennessee",47165,1,2,3
2019-20,Building Construction Technology/Technician,46.0415,"Building/Construction Finishing, Management, and Inspection",46.04,Construction Trades,46,TCAT,Nashville,TCAT - Portland Campus,"Sumner County, Tennessee",47165,0,1,1
2019-20,Machine Tool Technology/Machinist,48.0501,Precision Metal Working,48.05,Precision Production,48,TCAT,Nashville,TCAT - Portland Campus,"Sumner County, Tennessee",47165,1,7,8
2019-20,Welding Technology/Welder,48.0508,Precision Metal Working,48.05,Precision Production,48,TCAT,Nashville,TCAT - Portland Campus,"Sumner County, Tennessee",47165,4,19,23
2019-20,Licensed Practical/Vocational Nurse Training,51.3901,"Practical Nursing, Vocational Nursing and Nursing Assistants",51.39,Health Professions and Related Programs,51,TCAT,Nashville,TCAT - Portland Campus,"Sumner County, Tennessee",47165,0,20,20
2019-20,Executive Assistant/Executive Secretary,52.0402,Business Operations Support and Assistant Services,52.04,"Business, Management, Marketing, and Related Support Services",52,TCAT,Nashville,TCAT - Portland Campus,"Sumner County, Tennessee",47165,0,8,8
2019-20,"Cosmetology/Cosmetologist, General",12.0401,Cosmetology and Related Personal Grooming Services,12.04,"Culinary, Entertainment, and Personal Services",12,TCAT,Nashville,TTCN Extension Campus at Springfield,"Robertson County, Tennessee",47147,4,16,20
2019-20,Welding Technology/Welder,48.0508,Precision Metal Working,48.05,Precision Production,48,TCAT,Newbern,Dyersburg High School,"Dyer County, Tennessee",47045,8,6,14
2019-20,Computer Support Specialist,11.1006,Computer/Information Technology Administration and Management,11.10,Computer and Information Sciences and Support Services,11,TCAT,Newbern,Main Campus,"Dyer County, Tennessee",47045,2,0,2
2019-20,"Cosmetology/Cosmetologist, General",12.0401,Cosmetology and Related Personal Grooming Services,12.04,"Culinary, Entertainment, and Personal Services",12,TCAT,Newbern,Main Campus,"Dyer County, Tennessee",47045,5,16,21
2019-20,"Drafting and Design Technology/Technician, General",15.1301,Drafting/Design Engineering Technologies/Technicians,15.13,Engineering/Engineering-Related Technologies/Technicians,15,TCAT,Newbern,Main Campus,"Dyer County, Tennessee",47045,10,4,14
2019-20,"Electrical/Electronics Equipment Installation and Repair Technology/Technician, General",47.0101,Electrical/Electronics Maintenance and Repair Technologies/Technicians,47.01,Mechanic and Repair Technologies/Technicians,47,TCAT,Newbern,Main Campus,"Dyer County, Tennessee",47045,0,5,5
2019-20,"Heating, Air Conditioning, Ventilation and Refrigeration Maintenance Technology/Technician",47.0201,"Heating, Air Conditioning, Ventilation and Refrigeration Maintenance Technology/Technician (HAC, HACR, HVAC, HVACR)",47.02,Mechanic and Repair Technologies/Technicians,47,TCAT,Newbern,Main Campus,"Dyer County, Tennessee",47045,4,5,9
2019-20,Industrial Mechanics and Maintenance Technology/Technician,47.0303,Heavy/Industrial Equipment Maintenance Technologies/Technicians,47.03,Mechanic and Repair Technologies/Technicians,47,TCAT,Newbern,Main Campus,"Dyer County, Tennessee",47045,5,14,19
2019-20,Automobile/Automotive Mechanics Technology/Technician,47.0604,Vehicle Maintenance and Repair Technologies/Technicians,47.06,Mechanic and Repair Technologies/Technicians,47,TCAT,Newbern,Main Campus,"Dyer County, Tennessee",47045,9,8,17
2019-20,Machine Tool Technology/Machinist,48.0501,Precision Metal Working,48.05,Precision Production,48,TCAT,Newbern,Main Campus,"Dyer County, Tennessee",47045,4,8,12
2019-20,Licensed Practical/Vocational Nurse Training,51.3901,"Practical Nursing, Vocational Nursing and Nursing Assistants",51.39,Health Professions and Related Programs,51,TCAT,Newbern,Main Campus,"Dyer County, Tennessee",47045,2,35,37
2019-20,Automation Engineer Technology/Technician,15.0406,Electromechanical Technologies/Technicians,15.04,Engineering/Engineering-Related Technologies/Technicians,15,TCAT,Newbern,TCAT Newbern - Bells Campus,"Crockett County, Tennessee",47033,7,6,13
2019-20,Diesel Mechanics Technology/Technician,47.0605,Vehicle Maintenance and Repair Technologies/Technicians,47.06,Mechanic and Repair Technologies/Technicians,47,TCAT,Newbern,TCAT Newbern - Transportation Campus,"Dyer County, Tennessee",47045,12,11,23
2019-20,Truck and Bus Driver/Commercial Vehicle Operator and Instructor,49.0205,Ground Transportation,49.02,Transportation and Materials Moving,49,TCAT,Newbern,TCAT Newbern - Transportation Campus,"Dyer County, Tennessee",47045,24,0,24
2019-20,Industrial Mechanics and Maintenance Technology/Technician,47.0303,Heavy/Industrial Equipment Maintenance Technologies/Technicians,47.03,Mechanic and Repair Technologies/Technicians,47,TCAT,Newbern,TCAT Newbern - Union City Campus,"Obion County, Tennessee",47131,9,9,18
2019-20,Welding Technology/Welder,48.0508,Precision Metal Working,48.05,Precision Production,48,TCAT,Newbern,TCAT Newbern - Union City Campus,"Obion County, Tennessee",47131,12,5,17
2019-20,Licensed Practical/Vocational Nurse Training,51.3901,"Practical Nursing, Vocational Nursing and Nursing Assistants",51.39,Health Professions and Related Programs,51,TCAT,Newbern,TCAT Newbern - Union City Campus,"Obion County, Tennessee",47131,1,1,2
2019-20,Computer Support Specialist,11.1006,Computer/Information Technology Administration and Management,11.10,Computer and Information Sciences and Support Services,11,TCAT,Oneida,Main Campus,"Scott County, Tennessee",47151,1,1,2
2019-20,"Cosmetology/Cosmetologist, General",12.0401,Cosmetology and Related Personal Grooming Services,12.04,"Culinary, Entertainment, and Personal Services",12,TCAT,Oneida,Main Campus,"Scott County, Tennessee",47151,2,1,3
2019-20,Automobile/Automotive Mechanics Technology/Technician,47.0604,Vehicle Maintenance and Repair Technologies/Technicians,47.06,Mechanic and Repair Technologies/Technicians,47,TCAT,Oneida,Main Campus,"Scott County, Tennessee",47151,1,5,6
2019-20,Machine Tool Technology/Machinist,48.0501,Precision Metal Working,48.05,Precision Production,48,TCAT,Oneida,Main Campus,"Scott County, Tennessee",47151,2,3,5
2019-20,Welding Technology/Welder,48.0508,Precision Metal Working,48.05,Precision Production,48,TCAT,Oneida,Main Campus,"Scott County, Tennessee",47151,4,2,6
2019-20,Nursing Assistant/Aide and Patient Care Assistant/Aide,51.3902,"Practical Nursing, Vocational Nursing and Nursing Assistants",51.39,Health Professions and Related Programs,51,TCAT,Oneida,Main Campus,"Scott County, Tennessee",47151,11,0,11
2019-20,Executive Assistant/Executive Secretary,52.0402,Business Operations Support and Assistant Services,52.04,"Business, Management, Marketing, and Related Support Services",52,TCAT,Oneida,Main Campus,"Scott County, Tennessee",47151,13,2,15
2019-20,"Electrical and Power Transmission Installation/Installer, General",46.0301,Electrical and Power Transmission Installers,46.03,Construction Trades,46,TCAT,Oneida,Oneida Campus,"Scott County, Tennessee",47151,0,33,33
2019-20,Autobody/Collision and Repair Technology/Technician,47.0603,Vehicle Maintenance and Repair Technologies/Technicians,47.06,Mechanic and Repair Technologies/Technicians,47,TCAT,Oneida,Oneida Campus,"Scott County, Tennessee",47151,0,2,2
2019-20,Pharmacy Technician/Assistant,51.0805,Allied Health and Medical Assisting Services,51.08,Health Professions and Related Programs,51,TCAT,Oneida,Oneida Campus,"Scott County, Tennessee",47151,0,12,12
2019-20,Emergency Medical Technology/Technician (EMT Paramedic),51.0904,"Allied Health Diagnostic, Intervention, and Treatment Professions",51.09,Health Professions and Related Programs,51,TCAT,Oneida,Oneida Campus,"Scott County, Tennessee",47151,0,6,6
2019-20,Licensed Practical/Vocational Nurse Training,51.3901,"Practical Nursing, Vocational Nursing and Nursing Assistants",51.39,Health Professions and Related Programs,51,TCAT,Oneida,Oneida Campus,"Scott County, Tennessee",47151,0,23,23
2019-20,Nursing Assistant/Aide and Patient Care Assistant/Aide,51.3902,"Practical Nursing, Vocational Nursing and Nursing Assistants",51.39,Health Professions and Related Programs,51,TCAT,Oneida,Oneida Campus,"Scott County, Tennessee",47151,10,0,10
2019-20,Licensed Practical/Vocational Nurse Training,51.3901,"Practical Nursing, Vocational Nursing and Nursing Assistants",51.39,Health Professions and Related Programs,51,TCAT,Paris,Benton County Government Building,"Benton County, Tennessee",47005,4,9,13
2019-20,Computer Systems Networking and Telecommunications,11.0901,Computer Systems Networking and Telecommunications,11.09,Computer and Information Sciences and Support Services,11,TCAT,Paris,Main Campus,"Henry County, Tennessee",47079,11,2,13
2019-20,"Cosmetology/Cosmetologist, General",12.0401,Cosmetology and Related Personal Grooming Services,12.04,"Culinary, Entertainment, and Personal Services",12,TCAT,Paris,Main Campus,"Henry County, Tennessee",47079,3,22,25
2019-20,Building/Property Maintenance,46.0401,"Building/Construction Finishing, Management, and Inspection",46.04,Construction Trades,46,TCAT,Paris,Main Campus,"Henry County, Tennessee",47079,3,11,14
2019-20,Industrial Mechanics and Maintenance Technology/Technician,47.0303,Heavy/Industrial Equipment Maintenance Technologies/Technicians,47.03,Mechanic and Repair Technologies/Technicians,47,TCAT,Paris,Main Campus,"Henry County, Tennessee",47079,8,8,16
2019-20,Autobody/Collision and Repair Technology/Technician,47.0603,Vehicle Maintenance and Repair Technologies/Technicians,47.06,Mechanic and Repair Technologies/Technicians,47,TCAT,Paris,Main Campus,"Henry County, Tennessee",47079,0,4,4
2019-20,Motorcycle Maintenance and Repair Technology/Technician,47.0611,Vehicle Maintenance and Repair Technologies/Technicians,47.06,Mechanic and Repair Technologies/Technicians,47,TCAT,Paris,Main Campus,"Henry County, Tennessee",47079,0,4,4
2019-20,Machine Tool Technology/Machinist,48.0501,Precision Metal Working,48.05,Precision Production,48,TCAT,Paris,Main Campus,"Henry County, Tennessee",47079,2,4,6
2019-20,Welding Technology/Welder,48.0508,Precision Metal Working,48.05,Precision Production,48,TCAT,Paris,Main Campus,"Henry County, Tennessee",47079,1,15,16
2019-20,Health Information/Medical Records Technology/Technician,51.0707,Health and Medical Administrative Services,51.07,Health Professions and Related Programs,51,TCAT,Paris,Main Campus,"Henry County, Tennessee",47079,4,2,6
2019-20,Licensed Practical/Vocational Nurse Training,51.3901,"Practical Nursing, Vocational Nursing and Nursing Assistants",51.39,Health Professions and Related Programs,51,TCAT,Paris,Main Campus,"Henry County, Tennessee",47079,5,14,19
2019-20,Executive Assistant/Executive Secretary,52.0402,Business Operations Support and Assistant Services,52.04,"Business, Management, Marketing, and Related Support Services",52,TCAT,Paris,Main Campus,"Henry County, Tennessee",47079,3,3,6
2019-20,Licensed Practical/Vocational Nurse Training,51.3901,"Practical Nursing, Vocational Nursing and Nursing Assistants",51.39,Health Professions and Related Programs,51,TCAT,Paris,Weakley County Center for Adults,"Weakley County, Tennessee",47183,2,19,21
2019-20,"Construction Trades, Other",46.9999,"Construction Trades, Other",46.99,Construction Trades,46,TCAT,Pulaski,Lawrenceburg Instructional Service,"Lawrence County, Tennessee",47099,2,10,12
2019-20,Computer Systems Networking and Telecommunications,11.0901,Computer Systems Networking and Telecommunications,11.09,Computer and Information Sciences and Support Services,11,TCAT,Pulaski,Main Campus,"Giles County, Tennessee",47055,5,10,15
2019-20,Manufacturing Engineering Technology/Technician,15.0613,Industrial Production Technologies/Technicians,15.06,Engineering/Engineering-Related Technologies/Technicians,15,TCAT,Pulaski,Main Campus,"Giles County, Tennessee",47055,1,0,1
2019-20,Electrician,46.0302,Electrical and Power Transmission Installers,46.03,Construction Trades,46,TCAT,Pulaski,Main Campus,"Giles County, Tennessee",47055,0,5,5
2019-20,Building Construction Technology/Technician,46.0415,"Building/Construction Finishing, Management, and Inspection",46.04,Construction Trades,46,TCAT,Pulaski,Main Campus,"Giles County, Tennessee",47055,1,10,11
2019-20,"Heating, Air Conditioning, Ventilation and Refrigeration Maintenance Technology/Technician",47.0201,"Heating, Air Conditioning, Ventilation and Refrigeration Maintenance Technology/Technician (HAC, HACR, HVAC, HVACR)",47.02,Mechanic and Repair Technologies/Technicians,47,TCAT,Pulaski,Main Campus,"Giles County, Tennessee",47055,13,7,20
2019-20,Industrial Mechanics and Maintenance Technology/Technician,47.0303,Heavy/Industrial Equipment Maintenance Technologies/Technicians,47.03,Mechanic and Repair Technologies/Technicians,47,TCAT,Pulaski,Main Campus,"Giles County, Tennessee",47055,14,12,26
2019-20,Welding Technology/Welder,48.0508,Precision Metal Working,48.05,Precision Production,48,TCAT,Pulaski,Main Campus,"Giles County, Tennessee",47055,4,9,13
2019-20,Medical/Clinical Assistant,51.0801,Allied Health and Medical Assisting Services,51.08,Health Professions and Related Programs,51,TCAT,Pulaski,Main Campus,"Giles County, Tennessee",47055,2,10,12
2019-20,Pharmacy Technician/Assistant,51.0805,Allied Health and Medical Assisting Services,51.08,Health Professions and Related Programs,51,TCAT,Pulaski,Main Campus,"Giles County, Tennessee",47055,0,4,4
2019-20,Licensed Practical/Vocational Nurse Training,51.3901,"Practical Nursing, Vocational Nursing and Nursing Assistants",51.39,Health Professions and Related Programs,51,TCAT,Pulaski,Main Campus,"Giles County, Tennessee",47055,0,41,41
2019-20,Executive Assistant/Executive Secretary,52.0402,Business Operations Support and Assistant Services,52.04,"Business, Management, Marketing, and Related Support Services",52,TCAT,Pulaski,Main Campus,"Giles County, Tennessee",47055,0,12,12
2019-20,Building Construction Technology/Technician,46.0415,"Building/Construction Finishing, Management, and Inspection",46.04,Construction Trades,46,TCAT,Pulaski,North Lawrence Instructional Service Center,"Lawrence County, Tennessee",47099,0,1,1
2019-20,Machine Tool Technology/Machinist,48.0501,Precision Metal Working,48.05,Precision Production,48,TCAT,Pulaski,Northfield Instructional Service Center,"Lawrence County, Tennessee",47099,0,6,6
2019-20,"Construction Trades, Other",46.9999,"Construction Trades, Other",46.99,Construction Trades,46,TCAT,Pulaski,South Lawrence Instructional Service Center,"Lawrence County, Tennessee",47099,0,3,3
2019-20,Welding Technology/Welder,48.0508,Precision Metal Working,48.05,Precision Production,48,TCAT,Pulaski,South Lawrence Instructional Service Center,"Lawrence County, Tennessee",47099,5,0,5
2019-20,Medical/Clinical Assistant,51.0801,Allied Health and Medical Assisting Services,51.08,Health Professions and Related Programs,51,TCAT,Ripley,Crockett County Higher Education Center,"Crockett County, Tennessee",47033,5,5,10
2019-20,Licensed Practical/Vocational Nurse Training,51.3901,"Practical Nursing, Vocational Nursing and Nursing Assistants",51.39,Health Professions and Related Programs,51,TCAT,Ripley,Crockett County Higher Education Center,"Crockett County, Tennessee",47033,3,15,18
2019-20,Computer Support Specialist,11.1006,Computer/Information Technology Administration and Management,11.10,Computer and Information Sciences and Support Services,11,TCAT,Ripley,Main Campus,"Lauderdale County, Tennessee",47097,15,7,22
2019-20,"Cosmetology/Cosmetologist, General",12.0401,Cosmetology and Related Personal Grooming Services,12.04,"Culinary, Entertainment, and Personal Services",12,TCAT,Ripley,Main Campus,"Lauderdale County, Tennessee",47097,2,10,12
2019-20,Manufacturing Engineering Technology/Technician,15.0613,Industrial Production Technologies/Technicians,15.06,Engineering/Engineering-Related Technologies/Technicians,15,TCAT,Ripley,Main Campus,"Lauderdale County, Tennessee",47097,9,0,9
2019-20,Electrician,46.0302,Electrical and Power Transmission Installers,46.03,Construction Trades,46,TCAT,Ripley,Main Campus,"Lauderdale County, Tennessee",47097,5,3,8
2019-20,Health Information/Medical Records Technology/Technician,51.0707,Health and Medical Administrative Services,51.07,Health Professions and Related Programs,51,TCAT,Ripley,Main Campus,"Lauderdale County, Tennessee",47097,0,6,6
2019-20,Emergency Medical Technology/Technician (EMT Paramedic),51.0904,"Allied Health Diagnostic, Intervention, and Treatment Professions",51.09,Health Professions and Related Programs,51,TCAT,Ripley,Main Campus,"Lauderdale County, Tennessee",47097,9,0,9
2019-20,Licensed Practical/Vocational Nurse Training,51.3901,"Practical Nursing, Vocational Nursing and Nursing Assistants",51.39,Health Professions and Related Programs,51,TCAT,Ripley,Main Campus,"Lauderdale County, Tennessee",47097,2,36,38
2019-20,Industrial Mechanics and Maintenance Technology/Technician,47.0303,Heavy/Industrial Equipment Maintenance Technologies/Technicians,47.03,Mechanic and Repair Technologies/Technicians,47,TCAT,Shelbyville,Adult Education Center,"Bedford County, Tennessee",47003,2,9,11
2019-20,Industrial Mechanics and Maintenance Technology/Technician,47.0303,Heavy/Industrial Equipment Maintenance Technologies/Technicians,47.03,Mechanic and Repair Technologies/Technicians,47,TCAT,Shelbyville,Don Sundquist Center of Advanced Technologies,"Bedford County, Tennessee",47003,11,11,22
2019-20,Industrial Mechanics and Maintenance Technology/Technician,47.0303,Heavy/Industrial Equipment Maintenance Technologies/Technicians,47.03,Mechanic and Repair Technologies/Technicians,47,TCAT,Shelbyville,Franklin County Business Center,"Franklin County, Tennessee",47051,0,2,2
2019-20,Industrial Mechanics and Maintenance Technology/Technician,47.0303,Heavy/Industrial Equipment Maintenance Technologies/Technicians,47.03,Mechanic and Repair Technologies/Technicians,47,TCAT,Shelbyville,Franklin County Extension Campus,"Franklin County, Tennessee",47051,0,6,6
2019-20,"System, Networking, and LAN/WAN Management/Manager",11.1002,Computer/Information Technology Administration and Management,11.10,Computer and Information Sciences and Support Services,11,TCAT,Shelbyville,Main Campus,"Bedford County, Tennessee",47003,18,23,41
2019-20,"Drafting and Design Technology/Technician, General",15.1301,Drafting/Design Engineering Technologies/Technicians,15.13,Engineering/Engineering-Related Technologies/Technicians,15,TCAT,Shelbyville,Main Campus,"Bedford County, Tennessee",47003,5,5,10
2019-20,Electrician,46.0302,Electrical and Power Transmission Installers,46.03,Construction Trades,46,TCAT,Shelbyville,Main Campus,"Bedford County, Tennessee",47003,1,12,13
2019-20,"Heating, Air Conditioning, Ventilation and Refrigeration Maintenance Technology/Technician",47.0201,"Heating, Air Conditioning, Ventilation and Refrigeration Maintenance Technology/Technician (HAC, HACR, HVAC, HVACR)",47.02,Mechanic and Repair Technologies/Technicians,47,TCAT,Shelbyville,Main Campus,"Bedford County, Tennessee",47003,5,16,21
2019-20,Industrial Mechanics and Maintenance Technology/Technician,47.0303,Heavy/Industrial Equipment Maintenance Technologies/Technicians,47.03,Mechanic and Repair Technologies/Technicians,47,TCAT,Shelbyville,Main Campus,"Bedford County, Tennessee",47003,5,54,59
2019-20,Autobody/Collision and Repair Technology/Technician,47.0603,Vehicle Maintenance and Repair Technologies/Technicians,47.06,Mechanic and Repair Technologies/Technicians,47,TCAT,Shelbyville,Main Campus,"Bedford County, Tennessee",47003,0,6,6
2019-20,Automobile/Automotive Mechanics Technology/Technician,47.0604,Vehicle Maintenance and Repair Technologies/Technicians,47.06,Mechanic and Repair Technologies/Technicians,47,TCAT,Shelbyville,Main Campus,"Bedford County, Tennessee",47003,3,5,8
2019-20,Machine Tool Technology/Machinist,48.0501,Precision Metal Working,48.05,Precision Production,48,TCAT,Shelbyville,Main Campus,"Bedford County, Tennessee",47003,1,22,23
2019-20,Welding Technology/Welder,48.0508,Precision Metal Working,48.05,Precision Production,48,TCAT,Shelbyville,Main Campus,"Bedford County, Tennessee",47003,0,13,13
2019-20,Truck and Bus Driver/Commercial Vehicle Operator and Instructor,49.0205,Ground Transportation,49.02,Transportation and Materials Moving,49,TCAT,Shelbyville,Main Campus,"Bedford County, Tennessee",47003,17,0,17
2019-20,Licensed Practical/Vocational Nurse Training,51.3901,"Practical Nursing, Vocational Nursing and Nursing Assistants",51.39,Health Professions and Related Programs,51,TCAT,Shelbyville,Main Campus,"Bedford County, Tennessee",47003,2,39,41
2019-20,Executive Assistant/Executive Secretary,52.0402,Business Operations Support and Assistant Services,52.04,"Business, Management, Marketing, and Related Support Services",52,TCAT,Shelbyville,Main Campus,"Bedford County, Tennessee",47003,6,10,16
2019-20,"System, Networking, and LAN/WAN Management/Manager",11.1002,Computer/Information Technology Administration and Management,11.10,Computer and Information Sciences and Support Services,11,TCAT,Shelbyville,Middle Tennessee Education Center,"Bedford County, Tennessee",47003,0,8,8
2019-20,Industrial Mechanics and Maintenance Technology/Technician,47.0303,Heavy/Industrial Equipment Maintenance Technologies/Technicians,47.03,Mechanic and Repair Technologies/Technicians,47,TCAT,Shelbyville,Middle Tennessee Education Center,"Bedford County, Tennessee",47003,0,2,2
2019-20,Machine Tool Technology/Machinist,48.0501,Precision Metal Working,48.05,Precision Production,48,TCAT,Whiteville,Brownsville Extension Campus,"Haywood County, Tennessee",47075,1,6,7
2019-20,Health Information/Medical Records Technology/Technician,51.0707,Health and Medical Administrative Services,51.07,Health Professions and Related Programs,51,TCAT,Whiteville,Brownsville Extension Campus,"Haywood County, Tennessee",47075,3,5,8
2019-20,Computer Support Specialist,11.1006,Computer/Information Technology Administration and Management,11.10,Computer and Information Sciences and Support Services,11,TCAT,Whiteville,Main Campus,"Madison County, Tennessee",47113,3,6,9
2019-20,"Heating, Air Conditioning, Ventilation and Refrigeration Maintenance Technology/Technician",47.0201,"Heating, Air Conditioning, Ventilation and Refrigeration Maintenance Technology/Technician (HAC, HACR, HVAC, HVACR)",47.02,Mechanic and Repair Technologies/Technicians,47,TCAT,Whiteville,Main Campus,"Madison County, Tennessee",47113,0,10,10
2019-20,Industrial Mechanics and Maintenance Technology/Technician,47.0303,Heavy/Industrial Equipment Maintenance Technologies/Technicians,47.03,Mechanic and Repair Technologies/Technicians,47,TCAT,Whiteville,Main Campus,"Madison County, Tennessee",47113,2,9,11
2019-20,Automobile/Automotive Mechanics Technology/Technician,47.0604,Vehicle Maintenance and Repair Technologies/Technicians,47.06,Mechanic and Repair Technologies/Technicians,47,TCAT,Whiteville,Main Campus,"Madison County, Tennessee",47113,4,2,6
2019-20,Welding Technology/Welder,48.0508,Precision Metal Working,48.05,Precision Production,48,TCAT,Whiteville,Main Campus,"Madison County, Tennessee",47113,1,2,3
2019-20,Medical/Clinical Assistant,51.0801,Allied Health and Medical Assisting Services,51.08,Health Professions and Related Programs,51,TCAT,Whiteville,Main Campus,"Madison County, Tennessee",47113,0,16,16
2019-20,Licensed Practical/Vocational Nurse Training,51.3901,"Practical Nursing, Vocational Nursing and Nursing Assistants",51.39,Health Professions and Related Programs,51,TCAT,Whiteville,Main Campus,"Madison County, Tennessee",47113,0,24,24
2020-21,Computer Systems Networking and Telecommunications,11.0901,Computer Systems Networking and Telecommunications,11.09,Computer and Information Sciences and Support Services,11,TCAT,Athens,Main Campus,"McMinn County, Tennessee",47107,0,9,9
2020-21,Industrial Mechanics and Maintenance Technology/Technician,47.0303,Heavy/Industrial Equipment Maintenance Technologies/Technicians,47.03,Mechanic and Repair Technologies/Technicians,47,TCAT,Athens,Main Campus,"McMinn County, Tennessee",47107,6,9,15
2020-21,Autobody/Collision and Repair Technology/Technician,47.0603,Vehicle Maintenance and Repair Technologies/Technicians,47.06,Mechanic and Repair Technologies/Technicians,47,TCAT,Athens,Main Campus,"McMinn County, Tennessee",47107,0,8,8
2020-21,Automobile/Automotive Mechanics Technology/Technician,47.0604,Vehicle Maintenance and Repair Technologies/Technicians,47.06,Mechanic and Repair Technologies/Technicians,47,TCAT,Athens,Main Campus,"McMinn County, Tennessee",47107,5,4,9
2020-21,Machine Tool Technology/Machinist,48.0501,Precision Metal Working,48.05,Precision Production,48,TCAT,Athens,Main Campus,"McMinn County, Tennessee",47107,0,12,12
2020-21,Welding Technology/Welder,48.0508,Precision Metal Working,48.05,Precision Production,48,TCAT,Athens,Main Campus,"McMinn County, Tennessee",47107,8,4,12
2020-21,Licensed Practical/Vocational Nurse Training,51.3901,"Practical Nursing, Vocational Nursing and Nursing Assistants",51.39,Health Professions and Related Programs,51,TCAT,Athens,Main Campus,"McMinn County, Tennessee",47107,0,31,31
2020-21,Executive Assistant/Executive Secretary,52.0402,Business Operations Support and Assistant Services,52.04,"Business, Management, Marketing, and Related Support Services",52,TCAT,Athens,Main Campus,"McMinn County, Tennessee",47107,1,11,12
2020-21,Industrial Mechanics and Maintenance Technology/Technician,47.0303,Heavy/Industrial Equipment Maintenance Technologies/Technicians,47.03,Mechanic and Repair Technologies/Technicians,47,TCAT,Chattanooga,ChSCC - West Campus,"Hamilton County, Tennessee",47065,0,9,9
2020-21,Welding Technology/Welder,48.0508,Precision Metal Working,48.05,Precision Production,48,TCAT,Chattanooga,ChSCC - West Campus,"Hamilton County, Tennessee",47065,8,8,16
2020-21,Truck and Bus Driver/Commercial Vehicle Operator and Instructor,49.0205,Ground Transportation,49.02,Transportation and Materials Moving,49,TCAT,Chattanooga,Kansita Building,"Hamilton County, Tennessee",47065,82,0,82
2020-21,"Applied Horticulture/Horticulture Operations, General",01.0601,Applied Horticulture and Horticultural Business Services,01.06,Agricultural/Animal/Plant/Veterinary Science and Related Fields,01,TCAT,Chattanooga,Main Campus,"Hamilton County, Tennessee",47065,2,3,5
2020-21,"Cosmetology/Cosmetologist, General",12.0401,Cosmetology and Related Personal Grooming Services,12.04,"Culinary, Entertainment, and Personal Services",12,TCAT,Chattanooga,Main Campus,"Hamilton County, Tennessee",47065,0,36,36
2020-21,Barbering/Barber,12.0402,Cosmetology and Related Personal Grooming Services,12.04,"Culinary, Entertainment, and Personal Services",12,TCAT,Chattanooga,Main Campus,"Hamilton County, Tennessee",47065,0,6,6
2020-21,"Cosmetology and Related Personal Grooming Arts, Other",12.0499,Cosmetology and Related Personal Grooming Services,12.04,"Culinary, Entertainment, and Personal Services",12,TCAT,Chattanooga,Main Campus,"Hamilton County, Tennessee",47065,21,6,27
2020-21,"Electrical and Power Transmission Installation/Installer, General",46.0301,Electrical and Power Transmission Installers,46.03,Construction Trades,46,TCAT,Chattanooga,Main Campus,"Hamilton County, Tennessee",47065,0,44,44
2020-21,"Heating, Air Conditioning, Ventilation and Refrigeration Maintenance Technology/Technician",47.0201,"Heating, Air Conditioning, Ventilation and Refrigeration Maintenance Technology/Technician (HAC, HACR, HVAC, HVACR)",47.02,Mechanic and Repair Technologies/Technicians,47,TCAT,Chattanooga,Main Campus,"Hamilton County, Tennessee",47065,29,29,58
2020-21,Heavy Equipment Maintenance Technology/Technician,47.0302,Heavy/Industrial Equipment Maintenance Technologies/Technicians,47.03,Mechanic and Repair Technologies/Technicians,47,TCAT,Chattanooga,Main Campus,"Hamilton County, Tennessee",47065,0,4,4
2020-21,Industrial Mechanics and Maintenance Technology/Technician,47.0303,Heavy/Industrial Equipment Maintenance Technologies/Technicians,47.03,Mechanic and Repair Technologies/Technicians,47,TCAT,Chattanooga,Main Campus,"Hamilton County, Tennessee",47065,0,25,25
2020-21,Autobody/Collision and Repair Technology/Technician,47.0603,Vehicle Maintenance and Repair Technologies/Technicians,47.06,Mechanic and Repair Technologies/Technicians,47,TCAT,Chattanooga,Main Campus,"Hamilton County, Tennessee",47065,7,16,23
2020-21,Automobile/Automotive Mechanics Technology/Technician,47.0604,Vehicle Maintenance and Repair Technologies/Technicians,47.06,Mechanic and Repair Technologies/Technicians,47,TCAT,Chattanooga,Main Campus,"Hamilton County, Tennessee",47065,20,17,37
2020-21,Diesel Mechanics Technology/Technician,47.0605,Vehicle Maintenance and Repair Technologies/Technicians,47.06,Mechanic and Repair Technologies/Technicians,47,TCAT,Chattanooga,Main Campus,"Hamilton County, Tennessee",47065,0,12,12
2020-21,Motorcycle Maintenance and Repair Technology/Technician,47.0611,Vehicle Maintenance and Repair Technologies/Technicians,47.06,Mechanic and Repair Technologies/Technicians,47,TCAT,Chattanooga,Main Campus,"Hamilton County, Tennessee",47065,7,6,13
2020-21,Machine Tool Technology/Machinist,48.0501,Precision Metal Working,48.05,Precision Production,48,TCAT,Chattanooga,Main Campus,"Hamilton County, Tennessee",47065,0,11,11
2020-21,Welding Technology/Welder,48.0508,Precision Metal Working,48.05,Precision Production,48,TCAT,Chattanooga,Main Campus,"Hamilton County, Tennessee",47065,37,28,65
2020-21,Computer Numerically Controlled (CNC) Machinist Technology/CNC Machinist,48.0510,Precision Metal Working,48.05,Precision Production,48,TCAT,Chattanooga,Main Campus,"Hamilton County, Tennessee",47065,1,0,1
2020-21,Medical/Clinical Assistant,51.0801,Allied Health and Medical Assisting Services,51.08,Health Professions and Related Programs,51,TCAT,Chattanooga,Main Campus,"Hamilton County, Tennessee",47065,0,18,18
2020-21,Surgical Technology/Technologist,51.0909,"Allied Health Diagnostic, Intervention, and Treatment Professions",51.09,Health Professions and Related Programs,51,TCAT,Chattanooga,Main Campus,"Hamilton County, Tennessee",47065,0,15,15
2020-21,Psychiatric/Mental Health Services Technician,51.1502,Mental and Social Health Services and Allied Professions,51.15,Health Professions and Related Programs,51,TCAT,Chattanooga,Main Campus,"Hamilton County, Tennessee",47065,5,0,5
2020-21,Massage Therapy/Therapeutic Massage,51.3501,Somatic Bodywork and Related Therapeutic Services,51.35,Health Professions and Related Programs,51,TCAT,Chattanooga,Main Campus,"Hamilton County, Tennessee",47065,19,0,19
2020-21,Licensed Practical/Vocational Nurse Training,51.3901,"Practical Nursing, Vocational Nursing and Nursing Assistants",51.39,Health Professions and Related Programs,51,TCAT,Chattanooga,Main Campus,"Hamilton County, Tennessee",47065,0,36,36
2020-21,Executive Assistant/Executive Secretary,52.0402,Business Operations Support and Assistant Services,52.04,"Business, Management, Marketing, and Related Support Services",52,TCAT,Chattanooga,Main Campus,"Hamilton County, Tennessee",47065,0,7,7
2020-21,Business/Office Automation/Technology/Data Entry,52.0407,Business Operations Support and Assistant Services,52.04,"Business, Management, Marketing, and Related Support Services",52,TCAT,Chattanooga,Main Campus,"Hamilton County, Tennessee",47065,17,22,39
2020-21,"Electrical and Power Transmission Installation/Installer, General",46.0301,Electrical and Power Transmission Installers,46.03,Construction Trades,46,TCAT,Chattanooga,Rhea County Industrial Park,"Rhea County, Tennessee",47143,0,1,1
2020-21,Industrial Mechanics and Maintenance Technology/Technician,47.0303,Heavy/Industrial Equipment Maintenance Technologies/Technicians,47.03,Mechanic and Repair Technologies/Technicians,47,TCAT,Chattanooga,Rhea County Industrial Park,"Rhea County, Tennessee",47143,0,2,2
2020-21,Welding Technology/Welder,48.0508,Precision Metal Working,48.05,Precision Production,48,TCAT,Chattanooga,Suburban Manufacturing,"Hamilton County, Tennessee",47065,10,4,14
2020-21,"Soil Science and Agronomy, General",01.1201,Soil Sciences,01.12,Agricultural/Animal/Plant/Veterinary Science and Related Fields,01,TCAT,Covington,Main Campus,"Tipton County, Tennessee",47167,7,7,14
2020-21,Computer Support Specialist,11.1006,Computer/Information Technology Administration and Management,11.10,Computer and Information Sciences and Support Services,11,TCAT,Covington,Main Campus,"Tipton County, Tennessee",47167,11,6,17
2020-21,"Heating, Air Conditioning, Ventilation and Refrigeration Maintenance Technology/Technician",47.0201,"Heating, Air Conditioning, Ventilation and Refrigeration Maintenance Technology/Technician (HAC, HACR, HVAC, HVACR)",47.02,Mechanic and Repair Technologies/Technicians,47,TCAT,Covington,Main Campus,"Tipton County, Tennessee",47167,8,1,9
2020-21,Industrial Mechanics and Maintenance Technology/Technician,47.0303,Heavy/Industrial Equipment Maintenance Technologies/Technicians,47.03,Mechanic and Repair Technologies/Technicians,47,TCAT,Covington,Main Campus,"Tipton County, Tennessee",47167,15,5,20
2020-21,Automobile/Automotive Mechanics Technology/Technician,47.0604,Vehicle Maintenance and Repair Technologies/Technicians,47.06,Mechanic and Repair Technologies/Technicians,47,TCAT,Covington,Main Campus,"Tipton County, Tennessee",47167,4,1,5
2020-21,Machine Tool Technology/Machinist,48.0501,Precision Metal Working,48.05,Precision Production,48,TCAT,Covington,Main Campus,"Tipton County, Tennessee",47167,0,18,18
2020-21,Welding Technology/Welder,48.0508,Precision Metal Working,48.05,Precision Production,48,TCAT,Covington,Main Campus,"Tipton County, Tennessee",47167,2,18,20
2020-21,Dental Assisting/Assistant,51.0601,Dental Support Services and Allied Professions,51.06,Health Professions and Related Programs,51,TCAT,Covington,Main Campus,"Tipton County, Tennessee",47167,0,13,13
2020-21,Pharmacy Technician/Assistant,51.0805,Allied Health and Medical Assisting Services,51.08,Health Professions and Related Programs,51,TCAT,Covington,Main Campus,"Tipton County, Tennessee",47167,0,8,8
2020-21,Licensed Practical/Vocational Nurse Training,51.3901,"Practical Nursing, Vocational Nursing and Nursing Assistants",51.39,Health Professions and Related Programs,51,TCAT,Covington,Main Campus,"Tipton County, Tennessee",47167,1,33,34
2020-21,Executive Assistant/Executive Secretary,52.0402,Business Operations Support and Assistant Services,52.04,"Business, Management, Marketing, and Related Support Services",52,TCAT,Covington,Main Campus,"Tipton County, Tennessee",47167,9,10,19
2020-21,Building Construction Technology/Technician,46.0415,"Building/Construction Finishing, Management, and Inspection",46.04,Construction Trades,46,TCAT,Crossville,Bledsoe County Correctional Complex,"Bledsoe County, Tennessee",47007,2,0,2
2020-21,Computer Support Specialist,11.1006,Computer/Information Technology Administration and Management,11.10,Computer and Information Sciences and Support Services,11,TCAT,Crossville,Main Campus,"Cumberland County, Tennessee",47035,3,6,9
2020-21,"Cosmetology/Cosmetologist, General",12.0401,Cosmetology and Related Personal Grooming Services,12.04,"Culinary, Entertainment, and Personal Services",12,TCAT,Crossville,Main Campus,"Cumberland County, Tennessee",47035,0,9,9
2020-21,Mason/Masonry,46.0101,Mason/Masonry,46.01,Construction Trades,46,TCAT,Crossville,Main Campus,"Cumberland County, Tennessee",47035,2,0,2
2020-21,Building Construction Technology/Technician,46.0415,"Building/Construction Finishing, Management, and Inspection",46.04,Construction Trades,46,TCAT,Crossville,Main Campus,"Cumberland County, Tennessee",47035,1,9,10
2020-21,"Heating, Air Conditioning, Ventilation and Refrigeration Maintenance Technology/Technician",47.0201,"Heating, Air Conditioning, Ventilation and Refrigeration Maintenance Technology/Technician (HAC, HACR, HVAC, HVACR)",47.02,Mechanic and Repair Technologies/Technicians,47,TCAT,Crossville,Main Campus,"Cumberland County, Tennessee",47035,5,11,16
2020-21,Industrial Mechanics and Maintenance Technology/Technician,47.0303,Heavy/Industrial Equipment Maintenance Technologies/Technicians,47.03,Mechanic and Repair Technologies/Technicians,47,TCAT,Crossville,Main Campus,"Cumberland County, Tennessee",47035,4,24,28
2020-21,Autobody/Collision and Repair Technology/Technician,47.0603,Vehicle Maintenance and Repair Technologies/Technicians,47.06,Mechanic and Repair Technologies/Technicians,47,TCAT,Crossville,Main Campus,"Cumberland County, Tennessee",47035,2,5,7
2020-21,Automobile/Automotive Mechanics Technology/Technician,47.0604,Vehicle Maintenance and Repair Technologies/Technicians,47.06,Mechanic and Repair Technologies/Technicians,47,TCAT,Crossville,Main Campus,"Cumberland County, Tennessee",47035,3,6,9
2020-21,Diesel Mechanics Technology/Technician,47.0605,Vehicle Maintenance and Repair Technologies/Technicians,47.06,Mechanic and Repair Technologies/Technicians,47,TCAT,Crossville,Main Campus,"Cumberland County, Tennessee",47035,6,5,11
2020-21,Motorcycle Maintenance and Repair Technology/Technician,47.0611,Vehicle Maintenance and Repair Technologies/Technicians,47.06,Mechanic and Repair Technologies/Technicians,47,TCAT,Crossville,Main Campus,"Cumberland County, Tennessee",47035,4,7,11
2020-21,Machine Tool Technology/Machinist,48.0501,Precision Metal Working,48.05,Precision Production,48,TCAT,Crossville,Main Campus,"Cumberland County, Tennessee",47035,3,6,9
2020-21,Welding Technology/Welder,48.0508,Precision Metal Working,48.05,Precision Production,48,TCAT,Crossville,Main Campus,"Cumberland County, Tennessee",47035,1,30,31
2020-21,Truck and Bus Driver/Commercial Vehicle Operator and Instructor,49.0205,Ground Transportation,49.02,Transportation and Materials Moving,49,TCAT,Crossville,Main Campus,"Cumberland County, Tennessee",47035,44,0,44
2020-21,Surgical Technology/Technologist,51.0909,"Allied Health Diagnostic, Intervention, and Treatment Professions",51.09,Health Professions and Related Programs,51,TCAT,Crossville,Main Campus,"Cumberland County, Tennessee",47035,0,8,8
2020-21,Licensed Practical/Vocational Nurse Training,51.3901,"Practical Nursing, Vocational Nursing and Nursing Assistants",51.39,Health Professions and Related Programs,51,TCAT,Crossville,Main Campus,"Cumberland County, Tennessee",47035,0,59,59
2020-21,Executive Assistant/Executive Secretary,52.0402,Business Operations Support and Assistant Services,52.04,"Business, Management, Marketing, and Related Support Services",52,TCAT,Crossville,Main Campus,"Cumberland County, Tennessee",47035,6,8,14
2020-21,Hotel/Motel Administration/Management,52.0904,Hospitality Administration/Management,52.09,"Business, Management, Marketing, and Related Support Services",52,TCAT,Crossville,Main Campus,"Cumberland County, Tennessee",47035,0,2,2
2020-21,Welding Technology/Welder,48.0508,Precision Metal Working,48.05,Precision Production,48,TCAT,Crump,Chester County High School,"Chester County, Tennessee",47023,3,6,9
2020-21,Health Information/Medical Records Technology/Technician,51.0707,Health and Medical Administrative Services,51.07,Health Professions and Related Programs,51,TCAT,Crump,Clifton Instructional Service Center,"Wayne County, Tennessee",47181,4,10,14
2020-21,Diesel Mechanics Technology/Technician,47.0605,Vehicle Maintenance and Repair Technologies/Technicians,47.06,Mechanic and Repair Technologies/Technicians,47,TCAT,Crump,Crump Parsons Extension,"Decatur County, Tennessee",47039,3,0,3
2020-21,Truck and Bus Driver/Commercial Vehicle Operator and Instructor,49.0205,Ground Transportation,49.02,Transportation and Materials Moving,49,TCAT,Crump,Crump Parsons Extension,"Decatur County, Tennessee",47039,6,0,6
2020-21,"System, Networking, and LAN/WAN Management/Manager",11.1002,Computer/Information Technology Administration and Management,11.10,Computer and Information Sciences and Support Services,11,TCAT,Crump,Henderson/Chester County's ISC,"Chester County, Tennessee",47023,0,1,1
2020-21,Building Construction Technology/Technician,46.0415,"Building/Construction Finishing, Management, and Inspection",46.04,Construction Trades,46,TCAT,Crump,Henderson/Chester County's ISC,"Chester County, Tennessee",47023,2,5,7
2020-21,Health Information/Medical Records Technology/Technician,51.0707,Health and Medical Administrative Services,51.07,Health Professions and Related Programs,51,TCAT,Crump,Henderson/Chester County's ISC,"Chester County, Tennessee",47023,5,8,13
2020-21,Farm/Farm and Ranch Management,01.0104,Agricultural Business and Management,01.01,Agricultural/Animal/Plant/Veterinary Science and Related Fields,01,TCAT,Crump,Main Campus,"Hardin County, Tennessee",47071,1,0,1
2020-21,Computer Support Specialist,11.1006,Computer/Information Technology Administration and Management,11.10,Computer and Information Sciences and Support Services,11,TCAT,Crump,Main Campus,"Hardin County, Tennessee",47071,7,0,7
2020-21,"Drafting and Design Technology/Technician, General",15.1301,Drafting/Design Engineering Technologies/Technicians,15.13,Engineering/Engineering-Related Technologies/Technicians,15,TCAT,Crump,Main Campus,"Hardin County, Tennessee",47071,6,1,7
2020-21,Electrician,46.0302,Electrical and Power Transmission Installers,46.03,Construction Trades,46,TCAT,Crump,Main Campus,"Hardin County, Tennessee",47071,0,8,8
2020-21,"Heating, Air Conditioning, Ventilation and Refrigeration Maintenance Technology/Technician",47.0201,"Heating, Air Conditioning, Ventilation and Refrigeration Maintenance Technology/Technician (HAC, HACR, HVAC, HVACR)",47.02,Mechanic and Repair Technologies/Technicians,47,TCAT,Crump,Main Campus,"Hardin County, Tennessee",47071,2,1,3
2020-21,Industrial Mechanics and Maintenance Technology/Technician,47.0303,Heavy/Industrial Equipment Maintenance Technologies/Technicians,47.03,Mechanic and Repair Technologies/Technicians,47,TCAT,Crump,Main Campus,"Hardin County, Tennessee",47071,11,7,18
2020-21,Autobody/Collision and Repair Technology/Technician,47.0603,Vehicle Maintenance and Repair Technologies/Technicians,47.06,Mechanic and Repair Technologies/Technicians,47,TCAT,Crump,Main Campus,"Hardin County, Tennessee",47071,5,8,13
2020-21,Machine Tool Technology/Machinist,48.0501,Precision Metal Working,48.05,Precision Production,48,TCAT,Crump,Main Campus,"Hardin County, Tennessee",47071,7,6,13
2020-21,Welding Technology/Welder,48.0508,Precision Metal Working,48.05,Precision Production,48,TCAT,Crump,Main Campus,"Hardin County, Tennessee",47071,2,17,19
2020-21,Commercial and Advertising Art,50.0402,Design and Applied Arts,50.04,Visual and Performing Arts,50,TCAT,Crump,Main Campus,"Hardin County, Tennessee",47071,1,0,1
2020-21,Licensed Practical/Vocational Nurse Training,51.3901,"Practical Nursing, Vocational Nursing and Nursing Assistants",51.39,Health Professions and Related Programs,51,TCAT,Crump,Main Campus,"Hardin County, Tennessee",47071,12,18,30
2020-21,Executive Assistant/Executive Secretary,52.0402,Business Operations Support and Assistant Services,52.04,"Business, Management, Marketing, and Related Support Services",52,TCAT,Crump,Main Campus,"Hardin County, Tennessee",47071,5,0,5
2020-21,Computer Support Specialist,11.1006,Computer/Information Technology Administration and Management,11.10,Computer and Information Sciences and Support Services,11,TCAT,Dickson,Clarksville Extension,"Montgomery County, Tennessee",47125,13,4,17
2020-21,"Cosmetology/Cosmetologist, General",12.0401,Cosmetology and Related Personal Grooming Services,12.04,"Culinary, Entertainment, and Personal Services",12,TCAT,Dickson,Clarksville Extension,"Montgomery County, Tennessee",47125,2,23,25
2020-21,Building Construction Technology/Technician,46.0415,"Building/Construction Finishing, Management, and Inspection",46.04,Construction Trades,46,TCAT,Dickson,Clarksville Extension,"Montgomery County, Tennessee",47125,0,14,14
2020-21,"Heating, Air Conditioning, Ventilation and Refrigeration Maintenance Technology/Technician",47.0201,"Heating, Air Conditioning, Ventilation and Refrigeration Maintenance Technology/Technician (HAC, HACR, HVAC, HVACR)",47.02,Mechanic and Repair Technologies/Technicians,47,TCAT,Dickson,Clarksville Extension,"Montgomery County, Tennessee",47125,5,17,22
2020-21,Industrial Mechanics and Maintenance Technology/Technician,47.0303,Heavy/Industrial Equipment Maintenance Technologies/Technicians,47.03,Mechanic and Repair Technologies/Technicians,47,TCAT,Dickson,Clarksville Extension,"Montgomery County, Tennessee",47125,7,20,27
2020-21,Automobile/Automotive Mechanics Technology/Technician,47.0604,Vehicle Maintenance and Repair Technologies/Technicians,47.06,Mechanic and Repair Technologies/Technicians,47,TCAT,Dickson,Clarksville Extension,"Montgomery County, Tennessee",47125,1,10,11
2020-21,Diesel Mechanics Technology/Technician,47.0605,Vehicle Maintenance and Repair Technologies/Technicians,47.06,Mechanic and Repair Technologies/Technicians,47,TCAT,Dickson,Clarksville Extension,"Montgomery County, Tennessee",47125,2,7,9
2020-21,Machine Tool Technology/Machinist,48.0501,Precision Metal Working,48.05,Precision Production,48,TCAT,Dickson,Clarksville Extension,"Montgomery County, Tennessee",47125,4,8,12
2020-21,Welding Technology/Welder,48.0508,Precision Metal Working,48.05,Precision Production,48,TCAT,Dickson,Clarksville Extension,"Montgomery County, Tennessee",47125,8,28,36
2020-21,Commercial and Advertising Art,50.0402,Design and Applied Arts,50.04,Visual and Performing Arts,50,TCAT,Dickson,Clarksville Extension,"Montgomery County, Tennessee",47125,2,4,6
2020-21,Pharmacy Technician/Assistant,51.0805,Allied Health and Medical Assisting Services,51.08,Health Professions and Related Programs,51,TCAT,Dickson,Clarksville Extension,"Montgomery County, Tennessee",47125,0,5,5
2020-21,Licensed Practical/Vocational Nurse Training,51.3901,"Practical Nursing, Vocational Nursing and Nursing Assistants",51.39,Health Professions and Related Programs,51,TCAT,Dickson,Clarksville Extension,"Montgomery County, Tennessee",47125,3,27,30
2020-21,Executive Assistant/Executive Secretary,52.0402,Business Operations Support and Assistant Services,52.04,"Business, Management, Marketing, and Related Support Services",52,TCAT,Dickson,Clarksville Extension,"Montgomery County, Tennessee",47125,1,4,5
2020-21,Licensed Practical/Vocational Nurse Training,51.3901,"Practical Nursing, Vocational Nursing and Nursing Assistants",51.39,Health Professions and Related Programs,51,TCAT,Dickson,Franklin Extension,"Williamson County, Tennessee",47187,1,13,14
2020-21,Computer Support Specialist,11.1006,Computer/Information Technology Administration and Management,11.10,Computer and Information Sciences and Support Services,11,TCAT,Dickson,Main Campus,"Dickson County, Tennessee",47043,7,12,19
2020-21,"Cosmetology/Cosmetologist, General",12.0401,Cosmetology and Related Personal Grooming Services,12.04,"Culinary, Entertainment, and Personal Services",12,TCAT,Dickson,Main Campus,"Dickson County, Tennessee",47043,9,22,31
2020-21,"Heating, Air Conditioning, Ventilation and Refrigeration Maintenance Technology/Technician",47.0201,"Heating, Air Conditioning, Ventilation and Refrigeration Maintenance Technology/Technician (HAC, HACR, HVAC, HVACR)",47.02,Mechanic and Repair Technologies/Technicians,47,TCAT,Dickson,Main Campus,"Dickson County, Tennessee",47043,4,6,10
2020-21,Industrial Mechanics and Maintenance Technology/Technician,47.0303,Heavy/Industrial Equipment Maintenance Technologies/Technicians,47.03,Mechanic and Repair Technologies/Technicians,47,TCAT,Dickson,Main Campus,"Dickson County, Tennessee",47043,2,8,10
2020-21,Automobile/Automotive Mechanics Technology/Technician,47.0604,Vehicle Maintenance and Repair Technologies/Technicians,47.06,Mechanic and Repair Technologies/Technicians,47,TCAT,Dickson,Main Campus,"Dickson County, Tennessee",47043,2,6,8
2020-21,Diesel Mechanics Technology/Technician,47.0605,Vehicle Maintenance and Repair Technologies/Technicians,47.06,Mechanic and Repair Technologies/Technicians,47,TCAT,Dickson,Main Campus,"Dickson County, Tennessee",47043,3,11,14
2020-21,Machine Tool Technology/Machinist,48.0501,Precision Metal Working,48.05,Precision Production,48,TCAT,Dickson,Main Campus,"Dickson County, Tennessee",47043,0,6,6
2020-21,Welding Technology/Welder,48.0508,Precision Metal Working,48.05,Precision Production,48,TCAT,Dickson,Main Campus,"Dickson County, Tennessee",47043,6,2,8
2020-21,Commercial and Advertising Art,50.0402,Design and Applied Arts,50.04,Visual and Performing Arts,50,TCAT,Dickson,Main Campus,"Dickson County, Tennessee",47043,4,8,12
2020-21,Dental Assisting/Assistant,51.0601,Dental Support Services and Allied Professions,51.06,Health Professions and Related Programs,51,TCAT,Dickson,Main Campus,"Dickson County, Tennessee",47043,0,12,12
2020-21,Licensed Practical/Vocational Nurse Training,51.3901,"Practical Nursing, Vocational Nursing and Nursing Assistants",51.39,Health Professions and Related Programs,51,TCAT,Dickson,Main Campus,"Dickson County, Tennessee",47043,11,64,75
2020-21,Executive Assistant/Executive Secretary,52.0402,Business Operations Support and Assistant Services,52.04,"Business, Management, Marketing, and Related Support Services",52,TCAT,Dickson,Main Campus,"Dickson County, Tennessee",47043,3,13,16
2020-21,"Cosmetology/Cosmetologist, General",12.0401,Cosmetology and Related Personal Grooming Services,12.04,"Culinary, Entertainment, and Personal Services",12,TCAT,Elizabethton,Arney Street Campus,"Carter County, Tennessee",47019,0,10,10
2020-21,Corrections,43.0102,Criminal Justice and Corrections,43.01,"Homeland Security, Law Enforcement, Firefighting and Related Protective Services",43,TCAT,Elizabethton,Arney Street Campus,"Carter County, Tennessee",47019,0,4,4
2020-21,Diesel Mechanics Technology/Technician,47.0605,Vehicle Maintenance and Repair Technologies/Technicians,47.06,Mechanic and Repair Technologies/Technicians,47,TCAT,Elizabethton,Arney Street Campus,"Carter County, Tennessee",47019,4,5,9
2020-21,Welding Technology/Welder,48.0508,Precision Metal Working,48.05,Precision Production,48,TCAT,Elizabethton,Arney Street Campus,"Carter County, Tennessee",47019,1,27,28
2020-21,Licensed Practical/Vocational Nurse Training,51.3901,"Practical Nursing, Vocational Nursing and Nursing Assistants",51.39,Health Professions and Related Programs,51,TCAT,Elizabethton,Kingsport Higher Education Center,"Sullivan County, Tennessee",47165,8,30,38
2020-21,Computer Support Specialist,11.1006,Computer/Information Technology Administration and Management,11.10,Computer and Information Sciences and Support Services,11,TCAT,Elizabethton,Main Campus,"Carter County, Tennessee",47019,0,9,9
2020-21,Manufacturing Engineering Technology/Technician,15.0613,Industrial Production Technologies/Technicians,15.06,Engineering/Engineering-Related Technologies/Technicians,15,TCAT,Elizabethton,Main Campus,"Carter County, Tennessee",47019,1,3,4
2020-21,Electrician,46.0302,Electrical and Power Transmission Installers,46.03,Construction Trades,46,TCAT,Elizabethton,Main Campus,"Carter County, Tennessee",47019,1,14,15
2020-21,Plumbing Technology/Plumber,46.0503,Plumbing and Related Water Supply Services,46.05,Construction Trades,46,TCAT,Elizabethton,Main Campus,"Carter County, Tennessee",47019,5,11,16
2020-21,"Heating, Air Conditioning, Ventilation and Refrigeration Maintenance Technology/Technician",47.0201,"Heating, Air Conditioning, Ventilation and Refrigeration Maintenance Technology/Technician (HAC, HACR, HVAC, HVACR)",47.02,Mechanic and Repair Technologies/Technicians,47,TCAT,Elizabethton,Main Campus,"Carter County, Tennessee",47019,2,9,11
2020-21,Industrial Mechanics and Maintenance Technology/Technician,47.0303,Heavy/Industrial Equipment Maintenance Technologies/Technicians,47.03,Mechanic and Repair Technologies/Technicians,47,TCAT,Elizabethton,Main Campus,"Carter County, Tennessee",47019,2,15,17
2020-21,Automobile/Automotive Mechanics Technology/Technician,47.0604,Vehicle Maintenance and Repair Technologies/Technicians,47.06,Mechanic and Repair Technologies/Technicians,47,TCAT,Elizabethton,Main Campus,"Carter County, Tennessee",47019,4,16,20
2020-21,Diesel Mechanics Technology/Technician,47.0605,Vehicle Maintenance and Repair Technologies/Technicians,47.06,Mechanic and Repair Technologies/Technicians,47,TCAT,Elizabethton,Main Campus,"Carter County, Tennessee",47019,4,11,15
2020-21,Machine Tool Technology/Machinist,48.0501,Precision Metal Working,48.05,Precision Production,48,TCAT,Elizabethton,Main Campus,"Carter County, Tennessee",47019,3,12,15
2020-21,Welding Technology/Welder,48.0508,Precision Metal Working,48.05,Precision Production,48,TCAT,Elizabethton,Main Campus,"Carter County, Tennessee",47019,0,15,15
2020-21,Phlebotomy Technician/Phlebotomist,51.1009,Clinical/Medical Laboratory Science/Research and Allied Professions,51.10,Health Professions and Related Programs,51,TCAT,Elizabethton,Main Campus,"Carter County, Tennessee",47019,38,0,38
2020-21,Dietitian Assistant,51.3104,Dietetics and Clinical Nutrition Services,51.31,Health Professions and Related Programs,51,TCAT,Elizabethton,Main Campus,"Carter County, Tennessee",47019,24,0,24
2020-21,Licensed Practical/Vocational Nurse Training,51.3901,"Practical Nursing, Vocational Nursing and Nursing Assistants",51.39,Health Professions and Related Programs,51,TCAT,Elizabethton,Main Campus,"Carter County, Tennessee",47019,7,72,79
2020-21,Executive Assistant/Executive Secretary,52.0402,Business Operations Support and Assistant Services,52.04,"Business, Management, Marketing, and Related Support Services",52,TCAT,Elizabethton,Main Campus,"Carter County, Tennessee",47019,2,8,10
2020-21,Diesel Mechanics Technology/Technician,47.0605,Vehicle Maintenance and Repair Technologies/Technicians,47.06,Mechanic and Repair Technologies/Technicians,47,TCAT,Harriman,Loudon County Technology Center,"Loudon County, Tennessee",47105,0,5,5
2020-21,Welding Technology/Welder,48.0508,Precision Metal Working,48.05,Precision Production,48,TCAT,Harriman,Loudon County Technology Center,"Loudon County, Tennessee",47105,0,6,6
2020-21,Licensed Practical/Vocational Nurse Training,51.3901,"Practical Nursing, Vocational Nursing and Nursing Assistants",51.39,Health Professions and Related Programs,51,TCAT,Harriman,Loudon County Technology Center,"Loudon County, Tennessee",47105,0,13,13
2020-21,"Cosmetology/Cosmetologist, General",12.0401,Cosmetology and Related Personal Grooming Services,12.04,"Culinary, Entertainment, and Personal Services",12,TCAT,Harriman,Main Campus,"Roane County, Tennessee",47145,6,14,20
2020-21,"Construction Trades, Other",46.9999,"Construction Trades, Other",46.99,Construction Trades,46,TCAT,Harriman,Main Campus,"Roane County, Tennessee",47145,8,8,16
2020-21,Industrial Mechanics and Maintenance Technology/Technician,47.0303,Heavy/Industrial Equipment Maintenance Technologies/Technicians,47.03,Mechanic and Repair Technologies/Technicians,47,TCAT,Harriman,Main Campus,"Roane County, Tennessee",47145,2,4,6
2020-21,Automobile/Automotive Mechanics Technology/Technician,47.0604,Vehicle Maintenance and Repair Technologies/Technicians,47.06,Mechanic and Repair Technologies/Technicians,47,TCAT,Harriman,Main Campus,"Roane County, Tennessee",47145,6,5,11
2020-21,Diesel Mechanics Technology/Technician,47.0605,Vehicle Maintenance and Repair Technologies/Technicians,47.06,Mechanic and Repair Technologies/Technicians,47,TCAT,Harriman,Main Campus,"Roane County, Tennessee",47145,4,10,14
2020-21,Machine Tool Technology/Machinist,48.0501,Precision Metal Working,48.05,Precision Production,48,TCAT,Harriman,Main Campus,"Roane County, Tennessee",47145,2,11,13
2020-21,Welding Technology/Welder,48.0508,Precision Metal Working,48.05,Precision Production,48,TCAT,Harriman,Main Campus,"Roane County, Tennessee",47145,3,21,24
2020-21,Medical/Clinical Assistant,51.0801,Allied Health and Medical Assisting Services,51.08,Health Professions and Related Programs,51,TCAT,Harriman,Main Campus,"Roane County, Tennessee",47145,1,2,3
2020-21,Licensed Practical/Vocational Nurse Training,51.3901,"Practical Nursing, Vocational Nursing and Nursing Assistants",51.39,Health Professions and Related Programs,51,TCAT,Harriman,Main Campus,"Roane County, Tennessee",47145,7,17,24
2020-21,Executive Assistant/Executive Secretary,52.0402,Business Operations Support and Assistant Services,52.04,"Business, Management, Marketing, and Related Support Services",52,TCAT,Harriman,Main Campus,"Roane County, Tennessee",47145,2,6,8
2020-21,Building Construction Technology/Technician,46.0415,"Building/Construction Finishing, Management, and Inspection",46.04,Construction Trades,46,TCAT,Harriman,ThreeStar Extension Campus,"Roane County, Tennessee",47145,0,1,1
2020-21,Computer Support Specialist,11.1006,Computer/Information Technology Administration and Management,11.10,Computer and Information Sciences and Support Services,11,TCAT,Hartsville,Main Campus,"Trousdale County, Tennessee",47169,14,1,15
2020-21,Industrial Mechanics and Maintenance Technology/Technician,47.0303,Heavy/Industrial Equipment Maintenance Technologies/Technicians,47.03,Mechanic and Repair Technologies/Technicians,47,TCAT,Hartsville,Main Campus,"Trousdale County, Tennessee",47169,3,14,17
2020-21,Automobile/Automotive Mechanics Technology/Technician,47.0604,Vehicle Maintenance and Repair Technologies/Technicians,47.06,Mechanic and Repair Technologies/Technicians,47,TCAT,Hartsville,Main Campus,"Trousdale County, Tennessee",47169,11,0,11
2020-21,Machine Tool Technology/Machinist,48.0501,Precision Metal Working,48.05,Precision Production,48,TCAT,Hartsville,Main Campus,"Trousdale County, Tennessee",47169,0,14,14
2020-21,Welding Technology/Welder,48.0508,Precision Metal Working,48.05,Precision Production,48,TCAT,Hartsville,Main Campus,"Trousdale County, Tennessee",47169,1,8,9
2020-21,Licensed Practical/Vocational Nurse Training,51.3901,"Practical Nursing, Vocational Nursing and Nursing Assistants",51.39,Health Professions and Related Programs,51,TCAT,Hartsville,Main Campus,"Trousdale County, Tennessee",47169,0,23,23
2020-21,Nursing Assistant/Aide and Patient Care Assistant/Aide,51.3902,"Practical Nursing, Vocational Nursing and Nursing Assistants",51.39,Health Professions and Related Programs,51,TCAT,Hartsville,Main Campus,"Trousdale County, Tennessee",47169,16,0,16
2020-21,Executive Assistant/Executive Secretary,52.0402,Business Operations Support and Assistant Services,52.04,"Business, Management, Marketing, and Related Support Services",52,TCAT,Hartsville,Main Campus,"Trousdale County, Tennessee",47169,6,7,13
2020-21,Nursing Assistant/Aide and Patient Care Assistant/Aide,51.3902,"Practical Nursing, Vocational Nursing and Nursing Assistants",51.39,Health Professions and Related Programs,51,TCAT,Hartsville,Smith County High School,"Smith County, Tennessee",47159,12,0,12
2020-21,Nursing Assistant/Aide and Patient Care Assistant/Aide,51.3902,"Practical Nursing, Vocational Nursing and Nursing Assistants",51.39,Health Professions and Related Programs,51,TCAT,Hartsville,Trousdale County High School,"Trousdale County, Tennessee",47169,20,0,20
2020-21,Computer Support Specialist,11.1006,Computer/Information Technology Administration and Management,11.10,Computer and Information Sciences and Support Services,11,TCAT,Hartsville,Wilson County Career and Technical Education Center,"Wilson County, Tennessee",47189,15,5,20
2020-21,Manufacturing Engineering Technology/Technician,15.0613,Industrial Production Technologies/Technicians,15.06,Engineering/Engineering-Related Technologies/Technicians,15,TCAT,Hartsville,Wilson County Career and Technical Education Center,"Wilson County, Tennessee",47189,1,5,6
2020-21,Machine Tool Technology/Machinist,48.0501,Precision Metal Working,48.05,Precision Production,48,TCAT,Hartsville,Wilson County Career and Technical Education Center,"Wilson County, Tennessee",47189,3,6,9
2020-21,Welding Technology/Welder,48.0508,Precision Metal Working,48.05,Precision Production,48,TCAT,Hartsville,Wilson County Career and Technical Education Center,"Wilson County, Tennessee",47189,2,16,18
2020-21,Licensed Practical/Vocational Nurse Training,51.3901,"Practical Nursing, Vocational Nursing and Nursing Assistants",51.39,Health Professions and Related Programs,51,TCAT,Hartsville,Wilson County Career and Technical Education Center,"Wilson County, Tennessee",47189,0,16,16
2020-21,Building Construction Technology/Technician,46.0415,"Building/Construction Finishing, Management, and Inspection",46.04,Construction Trades,46,TCAT,Hohenwald,Columbia Central High School Instructional Service,"Maury County, Tennessee",47119,0,1,1
2020-21,Automobile/Automotive Mechanics Technology/Technician,47.0604,Vehicle Maintenance and Repair Technologies/Technicians,47.06,Mechanic and Repair Technologies/Technicians,47,TCAT,Hohenwald,Columbia Central High School Instructional Service,"Maury County, Tennessee",47119,4,7,11
2020-21,Licensed Practical/Vocational Nurse Training,51.3901,"Practical Nursing, Vocational Nursing and Nursing Assistants",51.39,Health Professions and Related Programs,51,TCAT,Hohenwald,Columbia Central High School Instructional Service,"Maury County, Tennessee",47119,0,8,8
2020-21,Industrial Mechanics and Maintenance Technology/Technician,47.0303,Heavy/Industrial Equipment Maintenance Technologies/Technicians,47.03,Mechanic and Repair Technologies/Technicians,47,TCAT,Hohenwald,Lawrence County Instructional Service Center,"Lawrence County, Tennessee",47099,1,8,9
2020-21,"Cosmetology/Cosmetologist, General",12.0401,Cosmetology and Related Personal Grooming Services,12.04,"Culinary, Entertainment, and Personal Services",12,TCAT,Hohenwald,Main Campus,"Lewis County, Tennessee",47101,3,15,18
2020-21,Aesthetician/Esthetician and Skin Care Specialist,12.0409,Cosmetology and Related Personal Grooming Services,12.04,"Culinary, Entertainment, and Personal Services",12,TCAT,Hohenwald,Main Campus,"Lewis County, Tennessee",47101,5,0,5
2020-21,Nail Technician/Specialist and Manicurist,12.0410,Cosmetology and Related Personal Grooming Services,12.04,"Culinary, Entertainment, and Personal Services",12,TCAT,Hohenwald,Main Campus,"Lewis County, Tennessee",47101,2,0,2
2020-21,Telecommunications Technology/Technician,15.0305,Electrical/Electronic Engineering Technologies/Technicians,15.03,Engineering/Engineering-Related Technologies/Technicians,15,TCAT,Hohenwald,Main Campus,"Lewis County, Tennessee",47101,0,1,1
2020-21,"Drafting and Design Technology/Technician, General",15.1301,Drafting/Design Engineering Technologies/Technicians,15.13,Engineering/Engineering-Related Technologies/Technicians,15,TCAT,Hohenwald,Main Campus,"Lewis County, Tennessee",47101,0,4,4
2020-21,Industrial Mechanics and Maintenance Technology/Technician,47.0303,Heavy/Industrial Equipment Maintenance Technologies/Technicians,47.03,Mechanic and Repair Technologies/Technicians,47,TCAT,Hohenwald,Main Campus,"Lewis County, Tennessee",47101,6,7,13
2020-21,Automobile/Automotive Mechanics Technology/Technician,47.0604,Vehicle Maintenance and Repair Technologies/Technicians,47.06,Mechanic and Repair Technologies/Technicians,47,TCAT,Hohenwald,Main Campus,"Lewis County, Tennessee",47101,5,5,10
2020-21,Machine Tool Technology/Machinist,48.0501,Precision Metal Working,48.05,Precision Production,48,TCAT,Hohenwald,Main Campus,"Lewis County, Tennessee",47101,1,6,7
2020-21,Welding Technology/Welder,48.0508,Precision Metal Working,48.05,Precision Production,48,TCAT,Hohenwald,Main Campus,"Lewis County, Tennessee",47101,0,7,7
2020-21,Commercial and Advertising Art,50.0402,Design and Applied Arts,50.04,Visual and Performing Arts,50,TCAT,Hohenwald,Main Campus,"Lewis County, Tennessee",47101,5,4,9
2020-21,Medical/Clinical Assistant,51.0801,Allied Health and Medical Assisting Services,51.08,Health Professions and Related Programs,51,TCAT,Hohenwald,Main Campus,"Lewis County, Tennessee",47101,3,9,12
2020-21,Surgical Technology/Technologist,51.0909,"Allied Health Diagnostic, Intervention, and Treatment Professions",51.09,Health Professions and Related Programs,51,TCAT,Hohenwald,Main Campus,"Lewis County, Tennessee",47101,0,15,15
2020-21,Licensed Practical/Vocational Nurse Training,51.3901,"Practical Nursing, Vocational Nursing and Nursing Assistants",51.39,Health Professions and Related Programs,51,TCAT,Hohenwald,Main Campus,"Lewis County, Tennessee",47101,0,29,29
2020-21,Executive Assistant/Executive Secretary,52.0402,Business Operations Support and Assistant Services,52.04,"Business, Management, Marketing, and Related Support Services",52,TCAT,Hohenwald,Main Campus,"Lewis County, Tennessee",47101,2,4,6
2020-21,Industrial Mechanics and Maintenance Technology/Technician,47.0303,Heavy/Industrial Equipment Maintenance Technologies/Technicians,47.03,Mechanic and Repair Technologies/Technicians,47,TCAT,Hohenwald,Maury County Instructional Service Center,"Maury County, Tennessee",47119,1,0,1
2020-21,Industrial Mechanics and Maintenance Technology/Technician,47.0303,Heavy/Industrial Equipment Maintenance Technologies/Technicians,47.03,Mechanic and Repair Technologies/Technicians,47,TCAT,Hohenwald,Perry County Instructional Service Center,"Perry County, Tennessee",47135,0,3,3
2020-21,Welding Technology/Welder,48.0508,Precision Metal Working,48.05,Precision Production,48,TCAT,Hohenwald,Perry County Instructional Service Center,"Perry County, Tennessee",47135,1,5,6
2020-21,Emergency Medical Technology/Technician (EMT Paramedic),51.0904,"Allied Health Diagnostic, Intervention, and Treatment Professions",51.09,Health Professions and Related Programs,51,TCAT,Hohenwald,Perry County Instructional Service Center,"Perry County, Tennessee",47135,4,0,4
2020-21,Industrial Mechanics and Maintenance Technology/Technician,47.0303,Heavy/Industrial Equipment Maintenance Technologies/Technicians,47.03,Mechanic and Repair Technologies/Technicians,47,TCAT,Hohenwald,Wayne County Instructional Service Center,"Wayne County, Tennessee",47181,3,7,10
2020-21,Licensed Practical/Vocational Nurse Training,51.3901,"Practical Nursing, Vocational Nursing and Nursing Assistants",51.39,Health Professions and Related Programs,51,TCAT,Hohenwald,Wayne Medical Instructional Service Center,"Wayne County, Tennessee",47181,0,9,9
2020-21,Nursing Assistant/Aide and Patient Care Assistant/Aide,51.3902,"Practical Nursing, Vocational Nursing and Nursing Assistants",51.39,Health Professions and Related Programs,51,TCAT,Jacksboro,Campbell County High School,"Campbell County, Tennessee",47013,6,0,6
2020-21,Computer Support Specialist,11.1006,Computer/Information Technology Administration and Management,11.10,Computer and Information Sciences and Support Services,11,TCAT,Jacksboro,Main Campus,"Campbell County, Tennessee",47013,10,4,14
2020-21,"Cosmetology/Cosmetologist, General",12.0401,Cosmetology and Related Personal Grooming Services,12.04,"Culinary, Entertainment, and Personal Services",12,TCAT,Jacksboro,Main Campus,"Campbell County, Tennessee",47013,14,12,26
2020-21,Building Construction Technology/Technician,46.0415,"Building/Construction Finishing, Management, and Inspection",46.04,Construction Trades,46,TCAT,Jacksboro,Main Campus,"Campbell County, Tennessee",47013,1,0,1
2020-21,"Construction Trades, Other",46.9999,"Construction Trades, Other",46.99,Construction Trades,46,TCAT,Jacksboro,Main Campus,"Campbell County, Tennessee",47013,7,4,11
2020-21,Automobile/Automotive Mechanics Technology/Technician,47.0604,Vehicle Maintenance and Repair Technologies/Technicians,47.06,Mechanic and Repair Technologies/Technicians,47,TCAT,Jacksboro,Main Campus,"Campbell County, Tennessee",47013,6,13,19
2020-21,Motorcycle Maintenance and Repair Technology/Technician,47.0611,Vehicle Maintenance and Repair Technologies/Technicians,47.06,Mechanic and Repair Technologies/Technicians,47,TCAT,Jacksboro,Main Campus,"Campbell County, Tennessee",47013,4,3,7
2020-21,Machine Tool Technology/Machinist,48.0501,Precision Metal Working,48.05,Precision Production,48,TCAT,Jacksboro,Main Campus,"Campbell County, Tennessee",47013,3,10,13
2020-21,Welding Technology/Welder,48.0508,Precision Metal Working,48.05,Precision Production,48,TCAT,Jacksboro,Main Campus,"Campbell County, Tennessee",47013,14,16,30
2020-21,Pharmacy Technician/Assistant,51.0805,Allied Health and Medical Assisting Services,51.08,Health Professions and Related Programs,51,TCAT,Jacksboro,Main Campus,"Campbell County, Tennessee",47013,0,13,13
2020-21,Licensed Practical/Vocational Nurse Training,51.3901,"Practical Nursing, Vocational Nursing and Nursing Assistants",51.39,Health Professions and Related Programs,51,TCAT,Jacksboro,Main Campus,"Campbell County, Tennessee",47013,0,24,24
2020-21,Executive Assistant/Executive Secretary,52.0402,Business Operations Support and Assistant Services,52.04,"Business, Management, Marketing, and Related Support Services",52,TCAT,Jacksboro,Main Campus,"Campbell County, Tennessee",47013,1,7,8
2020-21,Hotel/Motel Administration/Management,52.0904,Hospitality Administration/Management,52.09,"Business, Management, Marketing, and Related Support Services",52,TCAT,Jacksboro,Main Campus,"Campbell County, Tennessee",47013,1,2,3
2020-21,Licensed Practical/Vocational Nurse Training,51.3901,"Practical Nursing, Vocational Nursing and Nursing Assistants",51.39,Health Professions and Related Programs,51,TCAT,Jackson,Henderson/Chester County Instructional Service Cen,"Chester County, Tennessee",47023,3,16,19
2020-21,Licensed Practical/Vocational Nurse Training,51.3901,"Practical Nursing, Vocational Nursing and Nursing Assistants",51.39,Health Professions and Related Programs,51,TCAT,Jackson,Humboldt Higher Education Instructional Service Ce,"Crockett County, Tennessee",47033,2,10,12
2020-21,Computer Support Specialist,11.1006,Computer/Information Technology Administration and Management,11.10,Computer and Information Sciences and Support Services,11,TCAT,Jackson,Lexington Extension Campus,"Henderson County, Tennessee",47077,6,4,10
2020-21,Electrician,46.0302,Electrical and Power Transmission Installers,46.03,Construction Trades,46,TCAT,Jackson,Lexington Extension Campus,"Henderson County, Tennessee",47077,0,18,18
2020-21,Machine Tool Technology/Machinist,48.0501,Precision Metal Working,48.05,Precision Production,48,TCAT,Jackson,Lexington Extension Campus,"Henderson County, Tennessee",47077,4,10,14
2020-21,Welding Technology/Welder,48.0508,Precision Metal Working,48.05,Precision Production,48,TCAT,Jackson,Lexington Extension Campus,"Henderson County, Tennessee",47077,7,10,17
2020-21,Licensed Practical/Vocational Nurse Training,51.3901,"Practical Nursing, Vocational Nursing and Nursing Assistants",51.39,Health Professions and Related Programs,51,TCAT,Jackson,Lexington Extension Campus,"Henderson County, Tennessee",47077,3,14,17
2020-21,Executive Assistant/Executive Secretary,52.0402,Business Operations Support and Assistant Services,52.04,"Business, Management, Marketing, and Related Support Services",52,TCAT,Jackson,Lexington Extension Campus,"Henderson County, Tennessee",47077,1,6,7
2020-21,Business/Office Automation/Technology/Data Entry,52.0407,Business Operations Support and Assistant Services,52.04,"Business, Management, Marketing, and Related Support Services",52,TCAT,Jackson,Lexington Extension Campus,"Henderson County, Tennessee",47077,2,2,4
2020-21,Hotel/Motel Administration/Management,52.0904,Hospitality Administration/Management,52.09,"Business, Management, Marketing, and Related Support Services",52,TCAT,Jackson,Lexington Extension Campus,"Henderson County, Tennessee",47077,1,1,2
2020-21,Computer Support Specialist,11.1006,Computer/Information Technology Administration and Management,11.10,Computer and Information Sciences and Support Services,11,TCAT,Jackson,Main Campus,"Madison County, Tennessee",47113,12,3,15
2020-21,"Drafting and Design Technology/Technician, General",15.1301,Drafting/Design Engineering Technologies/Technicians,15.13,Engineering/Engineering-Related Technologies/Technicians,15,TCAT,Jackson,Main Campus,"Madison County, Tennessee",47113,1,7,8
2020-21,"Heating, Air Conditioning, Ventilation and Refrigeration Maintenance Technology/Technician",47.0201,"Heating, Air Conditioning, Ventilation and Refrigeration Maintenance Technology/Technician (HAC, HACR, HVAC, HVACR)",47.02,Mechanic and Repair Technologies/Technicians,47,TCAT,Jackson,Main Campus,"Madison County, Tennessee",47113,2,7,9
2020-21,Industrial Mechanics and Maintenance Technology/Technician,47.0303,Heavy/Industrial Equipment Maintenance Technologies/Technicians,47.03,Mechanic and Repair Technologies/Technicians,47,TCAT,Jackson,Main Campus,"Madison County, Tennessee",47113,2,14,16
2020-21,Autobody/Collision and Repair Technology/Technician,47.0603,Vehicle Maintenance and Repair Technologies/Technicians,47.06,Mechanic and Repair Technologies/Technicians,47,TCAT,Jackson,Main Campus,"Madison County, Tennessee",47113,2,15,17
2020-21,Automobile/Automotive Mechanics Technology/Technician,47.0604,Vehicle Maintenance and Repair Technologies/Technicians,47.06,Mechanic and Repair Technologies/Technicians,47,TCAT,Jackson,Main Campus,"Madison County, Tennessee",47113,2,2,4
2020-21,Welding Technology/Welder,48.0508,Precision Metal Working,48.05,Precision Production,48,TCAT,Jackson,Main Campus,"Madison County, Tennessee",47113,9,9,18
2020-21,Truck and Bus Driver/Commercial Vehicle Operator and Instructor,49.0205,Ground Transportation,49.02,Transportation and Materials Moving,49,TCAT,Jackson,Main Campus,"Madison County, Tennessee",47113,38,0,38
2020-21,Health Information/Medical Records Technology/Technician,51.0707,Health and Medical Administrative Services,51.07,Health Professions and Related Programs,51,TCAT,Jackson,Main Campus,"Madison County, Tennessee",47113,2,6,8
2020-21,Surgical Technology/Technologist,51.0909,"Allied Health Diagnostic, Intervention, and Treatment Professions",51.09,Health Professions and Related Programs,51,TCAT,Jackson,Main Campus,"Madison County, Tennessee",47113,0,13,13
2020-21,Licensed Practical/Vocational Nurse Training,51.3901,"Practical Nursing, Vocational Nursing and Nursing Assistants",51.39,Health Professions and Related Programs,51,TCAT,Jackson,Main Campus,"Madison County, Tennessee",47113,6,14,20
2020-21,Executive Assistant/Executive Secretary,52.0402,Business Operations Support and Assistant Services,52.04,"Business, Management, Marketing, and Related Support Services",52,TCAT,Jackson,Main Campus,"Madison County, Tennessee",47113,1,6,7
2020-21,Tool and Die Technology/Technician,48.0507,Precision Metal Working,48.05,Precision Production,48,TCAT,Jackson,McWherter Instructional Service Center,"Madison County, Tennessee",47113,4,16,20
2020-21,Machine Tool Technology/Machinist,48.0501,Precision Metal Working,48.05,Precision Production,48,TCAT,Knoxville,Anderson County Career and Technical Center,"Anderson County, Tennessee",47001,0,5,5
2020-21,Welding Technology/Welder,48.0508,Precision Metal Working,48.05,Precision Production,48,TCAT,Knoxville,Anderson County Career and Technical Center,"Anderson County, Tennessee",47001,10,8,18
2020-21,Computer Support Specialist,11.1006,Computer/Information Technology Administration and Management,11.10,Computer and Information Sciences and Support Services,11,TCAT,Knoxville,Main Campus,"Knox County, Tennessee",47093,6,4,10
2020-21,"Cosmetology/Cosmetologist, General",12.0401,Cosmetology and Related Personal Grooming Services,12.04,"Culinary, Entertainment, and Personal Services",12,TCAT,Knoxville,Main Campus,"Knox County, Tennessee",47093,0,27,27
2020-21,Electrician,46.0302,Electrical and Power Transmission Installers,46.03,Construction Trades,46,TCAT,Knoxville,Main Campus,"Knox County, Tennessee",47093,17,21,38
2020-21,Pipefitting/Pipefitter and Sprinkler Fitter,46.0502,Plumbing and Related Water Supply Services,46.05,Construction Trades,46,TCAT,Knoxville,Main Campus,"Knox County, Tennessee",47093,2,9,11
2020-21,"Heating, Air Conditioning, Ventilation and Refrigeration Maintenance Technology/Technician",47.0201,"Heating, Air Conditioning, Ventilation and Refrigeration Maintenance Technology/Technician (HAC, HACR, HVAC, HVACR)",47.02,Mechanic and Repair Technologies/Technicians,47,TCAT,Knoxville,Main Campus,"Knox County, Tennessee",47093,3,22,25
2020-21,Industrial Mechanics and Maintenance Technology/Technician,47.0303,Heavy/Industrial Equipment Maintenance Technologies/Technicians,47.03,Mechanic and Repair Technologies/Technicians,47,TCAT,Knoxville,Main Campus,"Knox County, Tennessee",47093,0,8,8
2020-21,Autobody/Collision and Repair Technology/Technician,47.0603,Vehicle Maintenance and Repair Technologies/Technicians,47.06,Mechanic and Repair Technologies/Technicians,47,TCAT,Knoxville,Main Campus,"Knox County, Tennessee",47093,3,10,13
2020-21,Automobile/Automotive Mechanics Technology/Technician,47.0604,Vehicle Maintenance and Repair Technologies/Technicians,47.06,Mechanic and Repair Technologies/Technicians,47,TCAT,Knoxville,Main Campus,"Knox County, Tennessee",47093,18,2,20
2020-21,Diesel Mechanics Technology/Technician,47.0605,Vehicle Maintenance and Repair Technologies/Technicians,47.06,Mechanic and Repair Technologies/Technicians,47,TCAT,Knoxville,Main Campus,"Knox County, Tennessee",47093,7,15,22
2020-21,Machine Tool Technology/Machinist,48.0501,Precision Metal Working,48.05,Precision Production,48,TCAT,Knoxville,Main Campus,"Knox County, Tennessee",47093,1,14,15
2020-21,Welding Technology/Welder,48.0508,Precision Metal Working,48.05,Precision Production,48,TCAT,Knoxville,Main Campus,"Knox County, Tennessee",47093,14,12,26
2020-21,Truck and Bus Driver/Commercial Vehicle Operator and Instructor,49.0205,Ground Transportation,49.02,Transportation and Materials Moving,49,TCAT,Knoxville,Main Campus,"Knox County, Tennessee",47093,35,0,35
2020-21,Dental Assisting/Assistant,51.0601,Dental Support Services and Allied Professions,51.06,Health Professions and Related Programs,51,TCAT,Knoxville,Main Campus,"Knox County, Tennessee",47093,0,12,12
2020-21,Medical Office Assistant/Specialist,51.0710,Health and Medical Administrative Services,51.07,Health Professions and Related Programs,51,TCAT,Knoxville,Main Campus,"Knox County, Tennessee",47093,6,23,29
2020-21,Medical/Clinical Assistant,51.0801,Allied Health and Medical Assisting Services,51.08,Health Professions and Related Programs,51,TCAT,Knoxville,Main Campus,"Knox County, Tennessee",47093,0,11,11
2020-21,Surgical Technology/Technologist,51.0909,"Allied Health Diagnostic, Intervention, and Treatment Professions",51.09,Health Professions and Related Programs,51,TCAT,Knoxville,Main Campus,"Knox County, Tennessee",47093,0,25,25
2020-21,Licensed Practical/Vocational Nurse Training,51.3901,"Practical Nursing, Vocational Nursing and Nursing Assistants",51.39,Health Professions and Related Programs,51,TCAT,Knoxville,Main Campus,"Knox County, Tennessee",47093,0,80,80
2020-21,Nursing Assistant/Aide and Patient Care Assistant/Aide,51.3902,"Practical Nursing, Vocational Nursing and Nursing Assistants",51.39,Health Professions and Related Programs,51,TCAT,Knoxville,Main Campus,"Knox County, Tennessee",47093,52,0,52
2020-21,Executive Assistant/Executive Secretary,52.0402,Business Operations Support and Assistant Services,52.04,"Business, Management, Marketing, and Related Support Services",52,TCAT,Knoxville,Main Campus,"Knox County, Tennessee",47093,5,9,14
2020-21,Welding Technology/Welder,48.0508,Precision Metal Working,48.05,Precision Production,48,TCAT,Knoxville,Oak Ridge High School,"Anderson County, Tennessee",47001,2,3,5
2020-21,"Heating, Air Conditioning, Ventilation and Refrigeration Maintenance Technology/Technician",47.0201,"Heating, Air Conditioning, Ventilation and Refrigeration Maintenance Technology/Technician (HAC, HACR, HVAC, HVACR)",47.02,Mechanic and Repair Technologies/Technicians,47,TCAT,Knoxville,Pellissippi State Community College -Strawberry Pl,"Knox County, Tennessee",47093,3,8,11
2020-21,Industrial Mechanics and Maintenance Technology/Technician,47.0303,Heavy/Industrial Equipment Maintenance Technologies/Technicians,47.03,Mechanic and Repair Technologies/Technicians,47,TCAT,Knoxville,Pellissippi State Community College -Strawberry Pl,"Knox County, Tennessee",47093,0,8,8
2020-21,Welding Technology/Welder,48.0508,Precision Metal Working,48.05,Precision Production,48,TCAT,Knoxville,Pellissippi State Community College -Strawberry Pl,"Knox County, Tennessee",47093,5,0,5
2020-21,Industrial Mechanics and Maintenance Technology/Technician,47.0303,Heavy/Industrial Equipment Maintenance Technologies/Technicians,47.03,Mechanic and Repair Technologies/Technicians,47,TCAT,Livingston,Cookeville Higher Education Campus,"Putnam County, Tennessee",47141,1,14,15
2020-21,Welding Technology/Welder,48.0508,Precision Metal Working,48.05,Precision Production,48,TCAT,Livingston,Cookeville Higher Education Campus,"Putnam County, Tennessee",47141,1,19,20
2020-21,Licensed Practical/Vocational Nurse Training,51.3901,"Practical Nursing, Vocational Nursing and Nursing Assistants",51.39,Health Professions and Related Programs,51,TCAT,Livingston,Cookeville Higher Education Campus,"Putnam County, Tennessee",47141,0,15,15
2020-21,Diesel Mechanics Technology/Technician,47.0605,Vehicle Maintenance and Repair Technologies/Technicians,47.06,Mechanic and Repair Technologies/Technicians,47,TCAT,Livingston,Fitzgerald Collision and  Repair Center  ,"Overton County, Tennessee",47133,1,6,7
2020-21,"Heating, Air Conditioning, Ventilation and Refrigeration Maintenance Technology/Technician",47.0201,"Heating, Air Conditioning, Ventilation and Refrigeration Maintenance Technology/Technician (HAC, HACR, HVAC, HVACR)",47.02,Mechanic and Repair Technologies/Technicians,47,TCAT,Livingston,Jackson County ISC,"Jackson County, Tennessee",47087,1,0,1
2020-21,Emergency Medical Technology/Technician (EMT Paramedic),51.0904,"Allied Health Diagnostic, Intervention, and Treatment Professions",51.09,Health Professions and Related Programs,51,TCAT,Livingston,Jackson County ISC,"Jackson County, Tennessee",47087,8,0,8
2020-21,Information Technology,11.0103,"Computer and Information Sciences, General",11.01,Computer and Information Sciences and Support Services,11,TCAT,Livingston,Main Campus,"Overton County, Tennessee",47133,2,4,6
2020-21,"Cosmetology/Cosmetologist, General",12.0401,Cosmetology and Related Personal Grooming Services,12.04,"Culinary, Entertainment, and Personal Services",12,TCAT,Livingston,Main Campus,"Overton County, Tennessee",47133,0,11,11
2020-21,Nail Technician/Specialist and Manicurist,12.0410,Cosmetology and Related Personal Grooming Services,12.04,"Culinary, Entertainment, and Personal Services",12,TCAT,Livingston,Main Campus,"Overton County, Tennessee",47133,2,0,2
2020-21,Building Construction Technology/Technician,46.0415,"Building/Construction Finishing, Management, and Inspection",46.04,Construction Trades,46,TCAT,Livingston,Main Campus,"Overton County, Tennessee",47133,1,0,1
2020-21,Industrial Mechanics and Maintenance Technology/Technician,47.0303,Heavy/Industrial Equipment Maintenance Technologies/Technicians,47.03,Mechanic and Repair Technologies/Technicians,47,TCAT,Livingston,Main Campus,"Overton County, Tennessee",47133,1,14,15
2020-21,Autobody/Collision and Repair Technology/Technician,47.0603,Vehicle Maintenance and Repair Technologies/Technicians,47.06,Mechanic and Repair Technologies/Technicians,47,TCAT,Livingston,Main Campus,"Overton County, Tennessee",47133,0,3,3
2020-21,Automobile/Automotive Mechanics Technology/Technician,47.0604,Vehicle Maintenance and Repair Technologies/Technicians,47.06,Mechanic and Repair Technologies/Technicians,47,TCAT,Livingston,Main Campus,"Overton County, Tennessee",47133,3,4,7
2020-21,Machine Tool Technology/Machinist,48.0501,Precision Metal Working,48.05,Precision Production,48,TCAT,Livingston,Main Campus,"Overton County, Tennessee",47133,2,4,6
2020-21,Welding Technology/Welder,48.0508,Precision Metal Working,48.05,Precision Production,48,TCAT,Livingston,Main Campus,"Overton County, Tennessee",47133,0,14,14
2020-21,Pharmacy Technician/Assistant,51.0805,Allied Health and Medical Assisting Services,51.08,Health Professions and Related Programs,51,TCAT,Livingston,Main Campus,"Overton County, Tennessee",47133,0,10,10
2020-21,Emergency Medical Technology/Technician (EMT Paramedic),51.0904,"Allied Health Diagnostic, Intervention, and Treatment Professions",51.09,Health Professions and Related Programs,51,TCAT,Livingston,Main Campus,"Overton County, Tennessee",47133,20,0,20
2020-21,Licensed Practical/Vocational Nurse Training,51.3901,"Practical Nursing, Vocational Nursing and Nursing Assistants",51.39,Health Professions and Related Programs,51,TCAT,Livingston,Main Campus,"Overton County, Tennessee",47133,0,21,21
2020-21,"Logistics, Materials, and Supply Chain Management",52.0203,"Business Administration, Management and Operations",52.02,"Business, Management, Marketing, and Related Support Services",52,TCAT,Livingston,Main Campus,"Overton County, Tennessee",47133,0,1,1
2020-21,Executive Assistant/Executive Secretary,52.0402,Business Operations Support and Assistant Services,52.04,"Business, Management, Marketing, and Related Support Services",52,TCAT,Livingston,Main Campus,"Overton County, Tennessee",47133,0,9,9
2020-21,Information Technology,11.0103,"Computer and Information Sciences, General",11.01,Computer and Information Sciences and Support Services,11,TCAT,Livingston,Pickett County High School,"Pickett County, Tennessee",47137,5,0,5
2020-21,Computer Systems Networking and Telecommunications,11.0901,Computer Systems Networking and Telecommunications,11.09,Computer and Information Sciences and Support Services,11,TCAT,McKenzie,Main Campus,"Carroll County, Tennessee",47017,5,5,10
2020-21,"Heating, Air Conditioning, Ventilation and Refrigeration Maintenance Technology/Technician",47.0201,"Heating, Air Conditioning, Ventilation and Refrigeration Maintenance Technology/Technician (HAC, HACR, HVAC, HVACR)",47.02,Mechanic and Repair Technologies/Technicians,47,TCAT,McKenzie,Main Campus,"Carroll County, Tennessee",47017,1,11,12
2020-21,Industrial Mechanics and Maintenance Technology/Technician,47.0303,Heavy/Industrial Equipment Maintenance Technologies/Technicians,47.03,Mechanic and Repair Technologies/Technicians,47,TCAT,McKenzie,Main Campus,"Carroll County, Tennessee",47017,6,16,22
2020-21,Automobile/Automotive Mechanics Technology/Technician,47.0604,Vehicle Maintenance and Repair Technologies/Technicians,47.06,Mechanic and Repair Technologies/Technicians,47,TCAT,McKenzie,Main Campus,"Carroll County, Tennessee",47017,2,4,6
2020-21,Machine Tool Technology/Machinist,48.0501,Precision Metal Working,48.05,Precision Production,48,TCAT,McKenzie,Main Campus,"Carroll County, Tennessee",47017,1,5,6
2020-21,Welding Technology/Welder,48.0508,Precision Metal Working,48.05,Precision Production,48,TCAT,McKenzie,Main Campus,"Carroll County, Tennessee",47017,8,14,22
2020-21,Executive Assistant/Executive Secretary,52.0402,Business Operations Support and Assistant Services,52.04,"Business, Management, Marketing, and Related Support Services",52,TCAT,McKenzie,Main Campus,"Carroll County, Tennessee",47017,3,7,10
2020-21,Welding Technology/Welder,48.0508,Precision Metal Working,48.05,Precision Production,48,TCAT,McKenzie,Weakley County Center for Adults,"Weakley County, Tennessee",47183,4,10,14
2020-21,"Cosmetology/Cosmetologist, General",12.0401,Cosmetology and Related Personal Grooming Services,12.04,"Culinary, Entertainment, and Personal Services",12,TCAT,McMinnville,Coffee County High School,"Coffee County, Tennessee",47031,0,1,1
2020-21,Computer Support Specialist,11.1006,Computer/Information Technology Administration and Management,11.10,Computer and Information Sciences and Support Services,11,TCAT,McMinnville,Main Campus,"Warren County, Tennessee",47177,0,10,10
2020-21,"Cosmetology/Cosmetologist, General",12.0401,Cosmetology and Related Personal Grooming Services,12.04,"Culinary, Entertainment, and Personal Services",12,TCAT,McMinnville,Main Campus,"Warren County, Tennessee",47177,0,9,9
2020-21,Electrician,46.0302,Electrical and Power Transmission Installers,46.03,Construction Trades,46,TCAT,McMinnville,Main Campus,"Warren County, Tennessee",47177,0,9,9
2020-21,Industrial Mechanics and Maintenance Technology/Technician,47.0303,Heavy/Industrial Equipment Maintenance Technologies/Technicians,47.03,Mechanic and Repair Technologies/Technicians,47,TCAT,McMinnville,Main Campus,"Warren County, Tennessee",47177,3,18,21
2020-21,Automobile/Automotive Mechanics Technology/Technician,47.0604,Vehicle Maintenance and Repair Technologies/Technicians,47.06,Mechanic and Repair Technologies/Technicians,47,TCAT,McMinnville,Main Campus,"Warren County, Tennessee",47177,4,6,10
2020-21,Machine Tool Technology/Machinist,48.0501,Precision Metal Working,48.05,Precision Production,48,TCAT,McMinnville,Main Campus,"Warren County, Tennessee",47177,1,11,12
2020-21,Welding Technology/Welder,48.0508,Precision Metal Working,48.05,Precision Production,48,TCAT,McMinnville,Main Campus,"Warren County, Tennessee",47177,1,16,17
2020-21,Licensed Practical/Vocational Nurse Training,51.3901,"Practical Nursing, Vocational Nursing and Nursing Assistants",51.39,Health Professions and Related Programs,51,TCAT,McMinnville,Main Campus,"Warren County, Tennessee",47177,0,24,24
2020-21,Industrial Mechanics and Maintenance Technology/Technician,47.0303,Heavy/Industrial Equipment Maintenance Technologies/Technicians,47.03,Mechanic and Repair Technologies/Technicians,47,TCAT,McMinnville,VIAM Manufacturing Inc.,"Coffee County, Tennessee",47031,0,15,15
2020-21,Culinary Arts/Chef Training,12.0503,Culinary Arts and Related Services,12.05,"Culinary, Entertainment, and Personal Services",12,TCAT,McMinnville,Warren County High School,"Warren County, Tennessee",47177,1,5,6
2020-21,Veterinary/Animal Health Technology/Technician and Veterinary Assistant,01.8301,Veterinary/Animal Health Technologies/Technicians,01.83,Agricultural/Animal/Plant/Veterinary Science and Related Fields,01,TCAT,Memphis,Main Campus,"Shelby County, Tennessee",47157,1,10,11
2020-21,Computer Support Specialist,11.1006,Computer/Information Technology Administration and Management,11.10,Computer and Information Sciences and Support Services,11,TCAT,Memphis,Main Campus,"Shelby County, Tennessee",47157,1,15,16
2020-21,"Cosmetology/Cosmetologist, General",12.0401,Cosmetology and Related Personal Grooming Services,12.04,"Culinary, Entertainment, and Personal Services",12,TCAT,Memphis,Main Campus,"Shelby County, Tennessee",47157,5,16,21
2020-21,Barbering/Barber,12.0402,Cosmetology and Related Personal Grooming Services,12.04,"Culinary, Entertainment, and Personal Services",12,TCAT,Memphis,Main Campus,"Shelby County, Tennessee",47157,1,38,39
2020-21,"Drafting and Design Technology/Technician, General",15.1301,Drafting/Design Engineering Technologies/Technicians,15.13,Engineering/Engineering-Related Technologies/Technicians,15,TCAT,Memphis,Main Campus,"Shelby County, Tennessee",47157,0,4,4
2020-21,Building Construction Technology/Technician,46.0415,"Building/Construction Finishing, Management, and Inspection",46.04,Construction Trades,46,TCAT,Memphis,Main Campus,"Shelby County, Tennessee",47157,0,8,8
2020-21,Industrial Electronics Technology/Technician,47.0105,Electrical/Electronics Maintenance and Repair Technologies/Technicians,47.01,Mechanic and Repair Technologies/Technicians,47,TCAT,Memphis,Main Campus,"Shelby County, Tennessee",47157,0,16,16
2020-21,"Heating, Air Conditioning, Ventilation and Refrigeration Maintenance Technology/Technician",47.0201,"Heating, Air Conditioning, Ventilation and Refrigeration Maintenance Technology/Technician (HAC, HACR, HVAC, HVACR)",47.02,Mechanic and Repair Technologies/Technicians,47,TCAT,Memphis,Main Campus,"Shelby County, Tennessee",47157,2,18,20
2020-21,Industrial Mechanics and Maintenance Technology/Technician,47.0303,Heavy/Industrial Equipment Maintenance Technologies/Technicians,47.03,Mechanic and Repair Technologies/Technicians,47,TCAT,Memphis,Main Campus,"Shelby County, Tennessee",47157,0,6,6
2020-21,Autobody/Collision and Repair Technology/Technician,47.0603,Vehicle Maintenance and Repair Technologies/Technicians,47.06,Mechanic and Repair Technologies/Technicians,47,TCAT,Memphis,Main Campus,"Shelby County, Tennessee",47157,2,11,13
2020-21,Automobile/Automotive Mechanics Technology/Technician,47.0604,Vehicle Maintenance and Repair Technologies/Technicians,47.06,Mechanic and Repair Technologies/Technicians,47,TCAT,Memphis,Main Campus,"Shelby County, Tennessee",47157,3,12,15
2020-21,Diesel Mechanics Technology/Technician,47.0605,Vehicle Maintenance and Repair Technologies/Technicians,47.06,Mechanic and Repair Technologies/Technicians,47,TCAT,Memphis,Main Campus,"Shelby County, Tennessee",47157,1,25,26
2020-21,Machine Tool Technology/Machinist,48.0501,Precision Metal Working,48.05,Precision Production,48,TCAT,Memphis,Main Campus,"Shelby County, Tennessee",47157,0,13,13
2020-21,Welding Technology/Welder,48.0508,Precision Metal Working,48.05,Precision Production,48,TCAT,Memphis,Main Campus,"Shelby County, Tennessee",47157,0,2,2
2020-21,Truck and Bus Driver/Commercial Vehicle Operator and Instructor,49.0205,Ground Transportation,49.02,Transportation and Materials Moving,49,TCAT,Memphis,Main Campus,"Shelby County, Tennessee",47157,42,0,42
2020-21,Commercial and Advertising Art,50.0402,Design and Applied Arts,50.04,Visual and Performing Arts,50,TCAT,Memphis,Main Campus,"Shelby County, Tennessee",47157,1,9,10
2020-21,Dental Assisting/Assistant,51.0601,Dental Support Services and Allied Professions,51.06,Health Professions and Related Programs,51,TCAT,Memphis,Main Campus,"Shelby County, Tennessee",47157,0,23,23
2020-21,Dental Laboratory Technology/Technician,51.0603,Dental Support Services and Allied Professions,51.06,Health Professions and Related Programs,51,TCAT,Memphis,Main Campus,"Shelby County, Tennessee",47157,1,6,7
2020-21,Pharmacy Technician/Assistant,51.0805,Allied Health and Medical Assisting Services,51.08,Health Professions and Related Programs,51,TCAT,Memphis,Main Campus,"Shelby County, Tennessee",47157,0,12,12
2020-21,Licensed Practical/Vocational Nurse Training,51.3901,"Practical Nursing, Vocational Nursing and Nursing Assistants",51.39,Health Professions and Related Programs,51,TCAT,Memphis,Main Campus,"Shelby County, Tennessee",47157,0,13,13
2020-21,Executive Assistant/Executive Secretary,52.0402,Business Operations Support and Assistant Services,52.04,"Business, Management, Marketing, and Related Support Services",52,TCAT,Memphis,Main Campus,"Shelby County, Tennessee",47157,1,15,16
2020-21,Airframe Mechanics and Aircraft Maintenance Technology/Technician,47.0607,Vehicle Maintenance and Repair Technologies/Technicians,47.06,Mechanic and Repair Technologies/Technicians,47,TCAT,Memphis,Memphis International Airport,"Shelby County, Tennessee",47157,1,10,11
2020-21,Airframe Mechanics and Aircraft Maintenance Technology/Technician,47.0607,Vehicle Maintenance and Repair Technologies/Technicians,47.06,Mechanic and Repair Technologies/Technicians,47,TCAT,Morristown,Airport Extension ,"Hamblen County, Tennessee",47063,0,20,20
2020-21,Computer Support Specialist,11.1006,Computer/Information Technology Administration and Management,11.10,Computer and Information Sciences and Support Services,11,TCAT,Morristown,Greene County Instructional Service Center,"Greene County, Tennessee",47059,6,2,8
2020-21,"Cosmetology/Cosmetologist, General",12.0401,Cosmetology and Related Personal Grooming Services,12.04,"Culinary, Entertainment, and Personal Services",12,TCAT,Morristown,Greene County Instructional Service Center,"Greene County, Tennessee",47059,2,3,5
2020-21,Electrician,46.0302,Electrical and Power Transmission Installers,46.03,Construction Trades,46,TCAT,Morristown,Greene County Instructional Service Center,"Greene County, Tennessee",47059,0,10,10
2020-21,Automobile/Automotive Mechanics Technology/Technician,47.0604,Vehicle Maintenance and Repair Technologies/Technicians,47.06,Mechanic and Repair Technologies/Technicians,47,TCAT,Morristown,Greene County Instructional Service Center,"Greene County, Tennessee",47059,4,0,4
2020-21,Machine Tool Technology/Machinist,48.0501,Precision Metal Working,48.05,Precision Production,48,TCAT,Morristown,Greene County Instructional Service Center,"Greene County, Tennessee",47059,1,3,4
2020-21,Welding Technology/Welder,48.0508,Precision Metal Working,48.05,Precision Production,48,TCAT,Morristown,Greene County Instructional Service Center,"Greene County, Tennessee",47059,0,11,11
2020-21,Computer Support Specialist,11.1006,Computer/Information Technology Administration and Management,11.10,Computer and Information Sciences and Support Services,11,TCAT,Morristown,Greene Technology Center ISC,"Greene County, Tennessee",47059,5,1,6
2020-21,"Cosmetology/Cosmetologist, General",12.0401,Cosmetology and Related Personal Grooming Services,12.04,"Culinary, Entertainment, and Personal Services",12,TCAT,Morristown,Greene Technology Center ISC,"Greene County, Tennessee",47059,0,7,7
2020-21,Electrician,46.0302,Electrical and Power Transmission Installers,46.03,Construction Trades,46,TCAT,Morristown,Greene Technology Center ISC,"Greene County, Tennessee",47059,0,7,7
2020-21,Welding Technology/Welder,48.0508,Precision Metal Working,48.05,Precision Production,48,TCAT,Morristown,Greene Technology Center ISC,"Greene County, Tennessee",47059,0,2,2
2020-21,Licensed Practical/Vocational Nurse Training,51.3901,"Practical Nursing, Vocational Nursing and Nursing Assistants",51.39,Health Professions and Related Programs,51,TCAT,Morristown,Greeneville Instructional Service Center ,"Greene County, Tennessee",47059,0,6,6
2020-21,Electrician,46.0302,Electrical and Power Transmission Installers,46.03,Construction Trades,46,TCAT,Morristown,Hawkins County Branch,"Hawkins County, Tennessee",47073,0,11,11
2020-21,"Heating, Air Conditioning, Ventilation and Refrigeration Maintenance Technology/Technician",47.0201,"Heating, Air Conditioning, Ventilation and Refrigeration Maintenance Technology/Technician (HAC, HACR, HVAC, HVACR)",47.02,Mechanic and Repair Technologies/Technicians,47,TCAT,Morristown,Hawkins County Branch,"Hawkins County, Tennessee",47073,0,8,8
2020-21,Industrial Mechanics and Maintenance Technology/Technician,47.0303,Heavy/Industrial Equipment Maintenance Technologies/Technicians,47.03,Mechanic and Repair Technologies/Technicians,47,TCAT,Morristown,Hawkins County Branch,"Hawkins County, Tennessee",47073,1,3,4
2020-21,Welding Technology/Welder,48.0508,Precision Metal Working,48.05,Precision Production,48,TCAT,Morristown,Hawkins County Branch,"Hawkins County, Tennessee",47073,2,13,15
2020-21,Executive Assistant/Executive Secretary,52.0402,Business Operations Support and Assistant Services,52.04,"Business, Management, Marketing, and Related Support Services",52,TCAT,Morristown,Hawkins County Branch,"Hawkins County, Tennessee",47073,1,9,10
2020-21,Computer Support Specialist,11.1006,Computer/Information Technology Administration and Management,11.10,Computer and Information Sciences and Support Services,11,TCAT,Morristown,Main Campus,"Hamblen County, Tennessee",47063,4,11,15
2020-21,"Drafting and Design Technology/Technician, General",15.1301,Drafting/Design Engineering Technologies/Technicians,15.13,Engineering/Engineering-Related Technologies/Technicians,15,TCAT,Morristown,Main Campus,"Hamblen County, Tennessee",47063,2,8,10
2020-21,Electrician,46.0302,Electrical and Power Transmission Installers,46.03,Construction Trades,46,TCAT,Morristown,Main Campus,"Hamblen County, Tennessee",47063,2,12,14
2020-21,Building Construction Technology/Technician,46.0415,"Building/Construction Finishing, Management, and Inspection",46.04,Construction Trades,46,TCAT,Morristown,Main Campus,"Hamblen County, Tennessee",47063,2,4,6
2020-21,Pipefitting/Pipefitter and Sprinkler Fitter,46.0502,Plumbing and Related Water Supply Services,46.05,Construction Trades,46,TCAT,Morristown,Main Campus,"Hamblen County, Tennessee",47063,5,3,8
2020-21,"Heating, Air Conditioning, Ventilation and Refrigeration Maintenance Technology/Technician",47.0201,"Heating, Air Conditioning, Ventilation and Refrigeration Maintenance Technology/Technician (HAC, HACR, HVAC, HVACR)",47.02,Mechanic and Repair Technologies/Technicians,47,TCAT,Morristown,Main Campus,"Hamblen County, Tennessee",47063,3,11,14
2020-21,Industrial Mechanics and Maintenance Technology/Technician,47.0303,Heavy/Industrial Equipment Maintenance Technologies/Technicians,47.03,Mechanic and Repair Technologies/Technicians,47,TCAT,Morristown,Main Campus,"Hamblen County, Tennessee",47063,0,33,33
2020-21,Autobody/Collision and Repair Technology/Technician,47.0603,Vehicle Maintenance and Repair Technologies/Technicians,47.06,Mechanic and Repair Technologies/Technicians,47,TCAT,Morristown,Main Campus,"Hamblen County, Tennessee",47063,0,17,17
2020-21,Automobile/Automotive Mechanics Technology/Technician,47.0604,Vehicle Maintenance and Repair Technologies/Technicians,47.06,Mechanic and Repair Technologies/Technicians,47,TCAT,Morristown,Main Campus,"Hamblen County, Tennessee",47063,4,11,15
2020-21,Machine Tool Technology/Machinist,48.0501,Precision Metal Working,48.05,Precision Production,48,TCAT,Morristown,Main Campus,"Hamblen County, Tennessee",47063,1,3,4
2020-21,Welding Technology/Welder,48.0508,Precision Metal Working,48.05,Precision Production,48,TCAT,Morristown,Main Campus,"Hamblen County, Tennessee",47063,3,22,25
2020-21,Commercial and Advertising Art,50.0402,Design and Applied Arts,50.04,Visual and Performing Arts,50,TCAT,Morristown,Main Campus,"Hamblen County, Tennessee",47063,0,7,7
2020-21,Licensed Practical/Vocational Nurse Training,51.3901,"Practical Nursing, Vocational Nursing and Nursing Assistants",51.39,Health Professions and Related Programs,51,TCAT,Morristown,Main Campus,"Hamblen County, Tennessee",47063,0,39,39
2020-21,Executive Assistant/Executive Secretary,52.0402,Business Operations Support and Assistant Services,52.04,"Business, Management, Marketing, and Related Support Services",52,TCAT,Morristown,Main Campus,"Hamblen County, Tennessee",47063,3,12,15
2020-21,Licensed Practical/Vocational Nurse Training,51.3901,"Practical Nursing, Vocational Nursing and Nursing Assistants",51.39,Health Professions and Related Programs,51,TCAT,Morristown,Sevierville Instructional Service Center,"Sevier County, Tennessee",47155,0,11,11
2020-21,Licensed Practical/Vocational Nurse Training,51.3901,"Practical Nursing, Vocational Nursing and Nursing Assistants",51.39,Health Professions and Related Programs,51,TCAT,Morristown,Tazewell Instructional Service Center,"Claiborne County, Tennessee",47025,0,8,8
2020-21,"System, Networking, and LAN/WAN Management/Manager",11.1002,Computer/Information Technology Administration and Management,11.10,Computer and Information Sciences and Support Services,11,TCAT,Murfreesboro,Main Campus,"Rutherford County, Tennessee",47149,15,8,23
2020-21,"Cosmetology/Cosmetologist, General",12.0401,Cosmetology and Related Personal Grooming Services,12.04,"Culinary, Entertainment, and Personal Services",12,TCAT,Murfreesboro,Main Campus,"Rutherford County, Tennessee",47149,0,36,36
2020-21,"Cosmetology, Barber/Styling, and Nail Instructor",12.0413,Cosmetology and Related Personal Grooming Services,12.04,"Culinary, Entertainment, and Personal Services",12,TCAT,Murfreesboro,Main Campus,"Rutherford County, Tennessee",47149,2,0,2
2020-21,"Drafting and Design Technology/Technician, General",15.1301,Drafting/Design Engineering Technologies/Technicians,15.13,Engineering/Engineering-Related Technologies/Technicians,15,TCAT,Murfreesboro,Main Campus,"Rutherford County, Tennessee",47149,5,8,13
2020-21,Building Construction Technology/Technician,46.0415,"Building/Construction Finishing, Management, and Inspection",46.04,Construction Trades,46,TCAT,Murfreesboro,Main Campus,"Rutherford County, Tennessee",47149,2,24,26
2020-21,"Heating, Air Conditioning, Ventilation and Refrigeration Maintenance Technology/Technician",47.0201,"Heating, Air Conditioning, Ventilation and Refrigeration Maintenance Technology/Technician (HAC, HACR, HVAC, HVACR)",47.02,Mechanic and Repair Technologies/Technicians,47,TCAT,Murfreesboro,Main Campus,"Rutherford County, Tennessee",47149,3,12,15
2020-21,Commercial and Advertising Art,50.0402,Design and Applied Arts,50.04,Visual and Performing Arts,50,TCAT,Murfreesboro,Main Campus,"Rutherford County, Tennessee",47149,5,9,14
2020-21,Dental Assisting/Assistant,51.0601,Dental Support Services and Allied Professions,51.06,Health Professions and Related Programs,51,TCAT,Murfreesboro,Main Campus,"Rutherford County, Tennessee",47149,0,8,8
2020-21,Pharmacy Technician/Assistant,51.0805,Allied Health and Medical Assisting Services,51.08,Health Professions and Related Programs,51,TCAT,Murfreesboro,Main Campus,"Rutherford County, Tennessee",47149,4,19,23
2020-21,Surgical Technology/Technologist,51.0909,"Allied Health Diagnostic, Intervention, and Treatment Professions",51.09,Health Professions and Related Programs,51,TCAT,Murfreesboro,Main Campus,"Rutherford County, Tennessee",47149,0,19,19
2020-21,Sterile Processing Technology/Technician,51.1012,Clinical/Medical Laboratory Science/Research and Allied Professions,51.10,Health Professions and Related Programs,51,TCAT,Murfreesboro,Main Campus,"Rutherford County, Tennessee",47149,13,0,13
2020-21,Licensed Practical/Vocational Nurse Training,51.3901,"Practical Nursing, Vocational Nursing and Nursing Assistants",51.39,Health Professions and Related Programs,51,TCAT,Murfreesboro,Main Campus,"Rutherford County, Tennessee",47149,0,17,17
2020-21,Executive Assistant/Executive Secretary,52.0402,Business Operations Support and Assistant Services,52.04,"Business, Management, Marketing, and Related Support Services",52,TCAT,Murfreesboro,Main Campus,"Rutherford County, Tennessee",47149,13,6,19
2020-21,Industrial Mechanics and Maintenance Technology/Technician,47.0303,Heavy/Industrial Equipment Maintenance Technologies/Technicians,47.03,Mechanic and Repair Technologies/Technicians,47,TCAT,Murfreesboro,TCAT Murfreesboro-Nissan Training Center,"Rutherford County, Tennessee",47149,17,33,50
2020-21,Autobody/Collision and Repair Technology/Technician,47.0603,Vehicle Maintenance and Repair Technologies/Technicians,47.06,Mechanic and Repair Technologies/Technicians,47,TCAT,Murfreesboro,TCAT Murfreesboro-Nissan Training Center,"Rutherford County, Tennessee",47149,2,9,11
2020-21,Automobile/Automotive Mechanics Technology/Technician,47.0604,Vehicle Maintenance and Repair Technologies/Technicians,47.06,Mechanic and Repair Technologies/Technicians,47,TCAT,Murfreesboro,TCAT Murfreesboro-Nissan Training Center,"Rutherford County, Tennessee",47149,16,30,46
2020-21,Machine Tool Technology/Machinist,48.0501,Precision Metal Working,48.05,Precision Production,48,TCAT,Murfreesboro,TCAT Murfreesboro-Nissan Training Center,"Rutherford County, Tennessee",47149,2,14,16
2020-21,Welding Technology/Welder,48.0508,Precision Metal Working,48.05,Precision Production,48,TCAT,Murfreesboro,TCAT Murfreesboro-Nissan Training Center,"Rutherford County, Tennessee",47149,1,20,21
2020-21,Computer Support Specialist,11.1006,Computer/Information Technology Administration and Management,11.10,Computer and Information Sciences and Support Services,11,TCAT,Nashville,Main Campus,"Davidson County, Tennessee",47037,7,9,16
2020-21,"Cosmetology/Cosmetologist, General",12.0401,Cosmetology and Related Personal Grooming Services,12.04,"Culinary, Entertainment, and Personal Services",12,TCAT,Nashville,Main Campus,"Davidson County, Tennessee",47037,14,30,44
2020-21,Aesthetician/Esthetician and Skin Care Specialist,12.0409,Cosmetology and Related Personal Grooming Services,12.04,"Culinary, Entertainment, and Personal Services",12,TCAT,Nashville,Main Campus,"Davidson County, Tennessee",47037,26,0,26
2020-21,"Drafting and Design Technology/Technician, General",15.1301,Drafting/Design Engineering Technologies/Technicians,15.13,Engineering/Engineering-Related Technologies/Technicians,15,TCAT,Nashville,Main Campus,"Davidson County, Tennessee",47037,2,10,12
2020-21,Child Care Provider/Assistant,19.0709,"Human Development, Family Studies, and Related Services",19.07,Family and Consumer Sciences/Human Sciences,19,TCAT,Nashville,Main Campus,"Davidson County, Tennessee",47037,1,16,17
2020-21,Building Construction Technology/Technician,46.0415,"Building/Construction Finishing, Management, and Inspection",46.04,Construction Trades,46,TCAT,Nashville,Main Campus,"Davidson County, Tennessee",47037,8,14,22
2020-21,"Heating, Air Conditioning, Ventilation and Refrigeration Maintenance Technology/Technician",47.0201,"Heating, Air Conditioning, Ventilation and Refrigeration Maintenance Technology/Technician (HAC, HACR, HVAC, HVACR)",47.02,Mechanic and Repair Technologies/Technicians,47,TCAT,Nashville,Main Campus,"Davidson County, Tennessee",47037,1,41,42
2020-21,Autobody/Collision and Repair Technology/Technician,47.0603,Vehicle Maintenance and Repair Technologies/Technicians,47.06,Mechanic and Repair Technologies/Technicians,47,TCAT,Nashville,Main Campus,"Davidson County, Tennessee",47037,1,16,17
2020-21,Automobile/Automotive Mechanics Technology/Technician,47.0604,Vehicle Maintenance and Repair Technologies/Technicians,47.06,Mechanic and Repair Technologies/Technicians,47,TCAT,Nashville,Main Campus,"Davidson County, Tennessee",47037,0,2,2
2020-21,Diesel Mechanics Technology/Technician,47.0605,Vehicle Maintenance and Repair Technologies/Technicians,47.06,Mechanic and Repair Technologies/Technicians,47,TCAT,Nashville,Main Campus,"Davidson County, Tennessee",47037,6,14,20
2020-21,Machine Tool Technology/Machinist,48.0501,Precision Metal Working,48.05,Precision Production,48,TCAT,Nashville,Main Campus,"Davidson County, Tennessee",47037,4,8,12
2020-21,Welding Technology/Welder,48.0508,Precision Metal Working,48.05,Precision Production,48,TCAT,Nashville,Main Campus,"Davidson County, Tennessee",47037,8,22,30
2020-21,Dental Assisting/Assistant,51.0601,Dental Support Services and Allied Professions,51.06,Health Professions and Related Programs,51,TCAT,Nashville,Main Campus,"Davidson County, Tennessee",47037,0,19,19
2020-21,Dental Laboratory Technology/Technician,51.0603,Dental Support Services and Allied Professions,51.06,Health Professions and Related Programs,51,TCAT,Nashville,Main Campus,"Davidson County, Tennessee",47037,0,4,4
2020-21,Licensed Practical/Vocational Nurse Training,51.3901,"Practical Nursing, Vocational Nursing and Nursing Assistants",51.39,Health Professions and Related Programs,51,TCAT,Nashville,Main Campus,"Davidson County, Tennessee",47037,5,47,52
2020-21,Executive Assistant/Executive Secretary,52.0402,Business Operations Support and Assistant Services,52.04,"Business, Management, Marketing, and Related Support Services",52,TCAT,Nashville,Main Campus,"Davidson County, Tennessee",47037,8,9,17
2020-21,Airframe Mechanics and Aircraft Maintenance Technology/Technician,47.0607,Vehicle Maintenance and Repair Technologies/Technicians,47.06,Mechanic and Repair Technologies/Technicians,47,TCAT,Nashville,Nashville Technology Center- Extension Campus,"Davidson County, Tennessee",47037,0,9,9
2020-21,Aircraft Powerplant Technology/Technician,47.0608,Vehicle Maintenance and Repair Technologies/Technicians,47.06,Mechanic and Repair Technologies/Technicians,47,TCAT,Nashville,Nashville Technology Center- Extension Campus,"Davidson County, Tennessee",47037,0,14,14
2020-21,Computer Support Specialist,11.1006,Computer/Information Technology Administration and Management,11.10,Computer and Information Sciences and Support Services,11,TCAT,Nashville,Portland High School,"Sumner County, Tennessee",47165,5,2,7
2020-21,"Cosmetology/Cosmetologist, General",12.0401,Cosmetology and Related Personal Grooming Services,12.04,"Culinary, Entertainment, and Personal Services",12,TCAT,Nashville,Portland High School,"Sumner County, Tennessee",47165,3,0,3
2020-21,Machine Tool Technology/Machinist,48.0501,Precision Metal Working,48.05,Precision Production,48,TCAT,Nashville,Portland High School,"Sumner County, Tennessee",47165,2,0,2
2020-21,Welding Technology/Welder,48.0508,Precision Metal Working,48.05,Precision Production,48,TCAT,Nashville,Portland High School,"Sumner County, Tennessee",47165,11,2,13
2020-21,Computer Support Specialist,11.1006,Computer/Information Technology Administration and Management,11.10,Computer and Information Sciences and Support Services,11,TCAT,Nashville,TCAT - Portland Campus,"Sumner County, Tennessee",47165,4,4,8
2020-21,"Cosmetology/Cosmetologist, General",12.0401,Cosmetology and Related Personal Grooming Services,12.04,"Culinary, Entertainment, and Personal Services",12,TCAT,Nashville,TCAT - Portland Campus,"Sumner County, Tennessee",47165,2,14,16
2020-21,Manufacturing Engineering Technology/Technician,15.0613,Industrial Production Technologies/Technicians,15.06,Engineering/Engineering-Related Technologies/Technicians,15,TCAT,Nashville,TCAT - Portland Campus,"Sumner County, Tennessee",47165,0,6,6
2020-21,Building Construction Technology/Technician,46.0415,"Building/Construction Finishing, Management, and Inspection",46.04,Construction Trades,46,TCAT,Nashville,TCAT - Portland Campus,"Sumner County, Tennessee",47165,0,9,9
2020-21,Machine Tool Technology/Machinist,48.0501,Precision Metal Working,48.05,Precision Production,48,TCAT,Nashville,TCAT - Portland Campus,"Sumner County, Tennessee",47165,1,13,14
2020-21,Welding Technology/Welder,48.0508,Precision Metal Working,48.05,Precision Production,48,TCAT,Nashville,TCAT - Portland Campus,"Sumner County, Tennessee",47165,4,10,14
2020-21,Licensed Practical/Vocational Nurse Training,51.3901,"Practical Nursing, Vocational Nursing and Nursing Assistants",51.39,Health Professions and Related Programs,51,TCAT,Nashville,TCAT - Portland Campus,"Sumner County, Tennessee",47165,1,9,10
2020-21,Executive Assistant/Executive Secretary,52.0402,Business Operations Support and Assistant Services,52.04,"Business, Management, Marketing, and Related Support Services",52,TCAT,Nashville,TCAT - Portland Campus,"Sumner County, Tennessee",47165,1,9,10
2020-21,"Cosmetology/Cosmetologist, General",12.0401,Cosmetology and Related Personal Grooming Services,12.04,"Culinary, Entertainment, and Personal Services",12,TCAT,Nashville,TTCN Extension Campus at Springfield,"Robertson County, Tennessee",47147,7,16,23
2020-21,Welding Technology/Welder,48.0508,Precision Metal Working,48.05,Precision Production,48,TCAT,Newbern,Dyersburg High School,"Dyer County, Tennessee",47045,12,11,23
2020-21,Computer Support Specialist,11.1006,Computer/Information Technology Administration and Management,11.10,Computer and Information Sciences and Support Services,11,TCAT,Newbern,Main Campus,"Dyer County, Tennessee",47045,8,9,17
2020-21,"Cosmetology/Cosmetologist, General",12.0401,Cosmetology and Related Personal Grooming Services,12.04,"Culinary, Entertainment, and Personal Services",12,TCAT,Newbern,Main Campus,"Dyer County, Tennessee",47045,9,26,35
2020-21,"Drafting and Design Technology/Technician, General",15.1301,Drafting/Design Engineering Technologies/Technicians,15.13,Engineering/Engineering-Related Technologies/Technicians,15,TCAT,Newbern,Main Campus,"Dyer County, Tennessee",47045,4,6,10
2020-21,"Heating, Air Conditioning, Ventilation and Refrigeration Maintenance Technology/Technician",47.0201,"Heating, Air Conditioning, Ventilation and Refrigeration Maintenance Technology/Technician (HAC, HACR, HVAC, HVACR)",47.02,Mechanic and Repair Technologies/Technicians,47,TCAT,Newbern,Main Campus,"Dyer County, Tennessee",47045,2,6,8
2020-21,Industrial Mechanics and Maintenance Technology/Technician,47.0303,Heavy/Industrial Equipment Maintenance Technologies/Technicians,47.03,Mechanic and Repair Technologies/Technicians,47,TCAT,Newbern,Main Campus,"Dyer County, Tennessee",47045,12,17,29
2020-21,Automobile/Automotive Mechanics Technology/Technician,47.0604,Vehicle Maintenance and Repair Technologies/Technicians,47.06,Mechanic and Repair Technologies/Technicians,47,TCAT,Newbern,Main Campus,"Dyer County, Tennessee",47045,7,10,17
2020-21,Diesel Mechanics Technology/Technician,47.0605,Vehicle Maintenance and Repair Technologies/Technicians,47.06,Mechanic and Repair Technologies/Technicians,47,TCAT,Newbern,Main Campus,"Dyer County, Tennessee",47045,1,5,6
2020-21,Machine Tool Technology/Machinist,48.0501,Precision Metal Working,48.05,Precision Production,48,TCAT,Newbern,Main Campus,"Dyer County, Tennessee",47045,0,5,5
2020-21,Truck and Bus Driver/Commercial Vehicle Operator and Instructor,49.0205,Ground Transportation,49.02,Transportation and Materials Moving,49,TCAT,Newbern,Main Campus,"Dyer County, Tennessee",47045,6,0,6
2020-21,Licensed Practical/Vocational Nurse Training,51.3901,"Practical Nursing, Vocational Nursing and Nursing Assistants",51.39,Health Professions and Related Programs,51,TCAT,Newbern,Main Campus,"Dyer County, Tennessee",47045,3,20,23
2020-21,Automation Engineer Technology/Technician,15.0406,Electromechanical Technologies/Technicians,15.04,Engineering/Engineering-Related Technologies/Technicians,15,TCAT,Newbern,TCAT Newbern - Bells Campus,"Crockett County, Tennessee",47033,4,9,13
2020-21,Diesel Mechanics Technology/Technician,47.0605,Vehicle Maintenance and Repair Technologies/Technicians,47.06,Mechanic and Repair Technologies/Technicians,47,TCAT,Newbern,TCAT Newbern - Transportation Campus,"Dyer County, Tennessee",47045,3,8,11
2020-21,Truck and Bus Driver/Commercial Vehicle Operator and Instructor,49.0205,Ground Transportation,49.02,Transportation and Materials Moving,49,TCAT,Newbern,TCAT Newbern - Transportation Campus,"Dyer County, Tennessee",47045,31,0,31
2020-21,Industrial Mechanics and Maintenance Technology/Technician,47.0303,Heavy/Industrial Equipment Maintenance Technologies/Technicians,47.03,Mechanic and Repair Technologies/Technicians,47,TCAT,Newbern,TCAT Newbern - Union City Campus,"Obion County, Tennessee",47131,1,10,11
2020-21,Welding Technology/Welder,48.0508,Precision Metal Working,48.05,Precision Production,48,TCAT,Newbern,TCAT Newbern - Union City Campus,"Obion County, Tennessee",47131,14,7,21
2020-21,Licensed Practical/Vocational Nurse Training,51.3901,"Practical Nursing, Vocational Nursing and Nursing Assistants",51.39,Health Professions and Related Programs,51,TCAT,Newbern,TCAT Newbern - Union City Campus,"Obion County, Tennessee",47131,4,15,19
2020-21,Computer Support Specialist,11.1006,Computer/Information Technology Administration and Management,11.10,Computer and Information Sciences and Support Services,11,TCAT,Oneida,Main Campus,"Scott County, Tennessee",47151,3,0,3
2020-21,"Cosmetology/Cosmetologist, General",12.0401,Cosmetology and Related Personal Grooming Services,12.04,"Culinary, Entertainment, and Personal Services",12,TCAT,Oneida,Main Campus,"Scott County, Tennessee",47151,7,3,10
2020-21,Automobile/Automotive Mechanics Technology/Technician,47.0604,Vehicle Maintenance and Repair Technologies/Technicians,47.06,Mechanic and Repair Technologies/Technicians,47,TCAT,Oneida,Main Campus,"Scott County, Tennessee",47151,2,3,5
2020-21,Machine Tool Technology/Machinist,48.0501,Precision Metal Working,48.05,Precision Production,48,TCAT,Oneida,Main Campus,"Scott County, Tennessee",47151,1,1,2
2020-21,Welding Technology/Welder,48.0508,Precision Metal Working,48.05,Precision Production,48,TCAT,Oneida,Main Campus,"Scott County, Tennessee",47151,6,6,12
2020-21,Licensed Practical/Vocational Nurse Training,51.3901,"Practical Nursing, Vocational Nursing and Nursing Assistants",51.39,Health Professions and Related Programs,51,TCAT,Oneida,Main Campus,"Scott County, Tennessee",47151,0,14,14
2020-21,Executive Assistant/Executive Secretary,52.0402,Business Operations Support and Assistant Services,52.04,"Business, Management, Marketing, and Related Support Services",52,TCAT,Oneida,Main Campus,"Scott County, Tennessee",47151,3,2,5
2020-21,"Electrical and Power Transmission Installation/Installer, General",46.0301,Electrical and Power Transmission Installers,46.03,Construction Trades,46,TCAT,Oneida,Oneida Campus,"Scott County, Tennessee",47151,21,14,35
2020-21,Autobody/Collision and Repair Technology/Technician,47.0603,Vehicle Maintenance and Repair Technologies/Technicians,47.06,Mechanic and Repair Technologies/Technicians,47,TCAT,Oneida,Oneida Campus,"Scott County, Tennessee",47151,3,1,4
2020-21,Pharmacy Technician/Assistant,51.0805,Allied Health and Medical Assisting Services,51.08,Health Professions and Related Programs,51,TCAT,Oneida,Oneida Campus,"Scott County, Tennessee",47151,0,4,4
2020-21,Nursing Assistant/Aide and Patient Care Assistant/Aide,51.3902,"Practical Nursing, Vocational Nursing and Nursing Assistants",51.39,Health Professions and Related Programs,51,TCAT,Oneida,Oneida Campus,"Scott County, Tennessee",47151,18,0,18
2020-21,Welding Technology/Welder,48.0508,Precision Metal Working,48.05,Precision Production,48,TCAT,Oneida,York Institute,"Fentress County, Tennessee",47049,0,1,1
2020-21,Emergency Medical Technology/Technician (EMT Paramedic),51.0904,"Allied Health Diagnostic, Intervention, and Treatment Professions",51.09,Health Professions and Related Programs,51,TCAT,Oneida,York Institute,"Fentress County, Tennessee",47049,8,0,8
2020-21,Licensed Practical/Vocational Nurse Training,51.3901,"Practical Nursing, Vocational Nursing and Nursing Assistants",51.39,Health Professions and Related Programs,51,TCAT,Paris,Benton County Government Building,"Benton County, Tennessee",47005,2,6,8
2020-21,Computer Systems Networking and Telecommunications,11.0901,Computer Systems Networking and Telecommunications,11.09,Computer and Information Sciences and Support Services,11,TCAT,Paris,Main Campus,"Henry County, Tennessee",47079,4,6,10
2020-21,"Cosmetology/Cosmetologist, General",12.0401,Cosmetology and Related Personal Grooming Services,12.04,"Culinary, Entertainment, and Personal Services",12,TCAT,Paris,Main Campus,"Henry County, Tennessee",47079,3,22,25
2020-21,Building/Property Maintenance,46.0401,"Building/Construction Finishing, Management, and Inspection",46.04,Construction Trades,46,TCAT,Paris,Main Campus,"Henry County, Tennessee",47079,4,8,12
2020-21,Industrial Mechanics and Maintenance Technology/Technician,47.0303,Heavy/Industrial Equipment Maintenance Technologies/Technicians,47.03,Mechanic and Repair Technologies/Technicians,47,TCAT,Paris,Main Campus,"Henry County, Tennessee",47079,4,10,14
2020-21,Autobody/Collision and Repair Technology/Technician,47.0603,Vehicle Maintenance and Repair Technologies/Technicians,47.06,Mechanic and Repair Technologies/Technicians,47,TCAT,Paris,Main Campus,"Henry County, Tennessee",47079,2,12,14
2020-21,Small Engine Mechanics and Repair Technology/Technician,47.0606,Vehicle Maintenance and Repair Technologies/Technicians,47.06,Mechanic and Repair Technologies/Technicians,47,TCAT,Paris,Main Campus,"Henry County, Tennessee",47079,0,1,1
2020-21,Motorcycle Maintenance and Repair Technology/Technician,47.0611,Vehicle Maintenance and Repair Technologies/Technicians,47.06,Mechanic and Repair Technologies/Technicians,47,TCAT,Paris,Main Campus,"Henry County, Tennessee",47079,1,3,4
2020-21,Machine Tool Technology/Machinist,48.0501,Precision Metal Working,48.05,Precision Production,48,TCAT,Paris,Main Campus,"Henry County, Tennessee",47079,1,2,3
2020-21,Welding Technology/Welder,48.0508,Precision Metal Working,48.05,Precision Production,48,TCAT,Paris,Main Campus,"Henry County, Tennessee",47079,0,8,8
2020-21,Health Information/Medical Records Technology/Technician,51.0707,Health and Medical Administrative Services,51.07,Health Professions and Related Programs,51,TCAT,Paris,Main Campus,"Henry County, Tennessee",47079,2,4,6
2020-21,Licensed Practical/Vocational Nurse Training,51.3901,"Practical Nursing, Vocational Nursing and Nursing Assistants",51.39,Health Professions and Related Programs,51,TCAT,Paris,Main Campus,"Henry County, Tennessee",47079,1,25,26
2020-21,Executive Assistant/Executive Secretary,52.0402,Business Operations Support and Assistant Services,52.04,"Business, Management, Marketing, and Related Support Services",52,TCAT,Paris,Main Campus,"Henry County, Tennessee",47079,3,6,9
2020-21,Licensed Practical/Vocational Nurse Training,51.3901,"Practical Nursing, Vocational Nursing and Nursing Assistants",51.39,Health Professions and Related Programs,51,TCAT,Paris,Weakley County Center for Adults,"Weakley County, Tennessee",47183,4,6,10
2020-21,"Construction Trades, Other",46.9999,"Construction Trades, Other",46.99,Construction Trades,46,TCAT,Pulaski,Lawrenceburg Instructional Service,"Lawrence County, Tennessee",47099,0,1,1
2020-21,Computer Systems Networking and Telecommunications,11.0901,Computer Systems Networking and Telecommunications,11.09,Computer and Information Sciences and Support Services,11,TCAT,Pulaski,Main Campus,"Giles County, Tennessee",47055,7,8,15
2020-21,Manufacturing Engineering Technology/Technician,15.0613,Industrial Production Technologies/Technicians,15.06,Engineering/Engineering-Related Technologies/Technicians,15,TCAT,Pulaski,Main Campus,"Giles County, Tennessee",47055,1,1,2
2020-21,Electrician,46.0302,Electrical and Power Transmission Installers,46.03,Construction Trades,46,TCAT,Pulaski,Main Campus,"Giles County, Tennessee",47055,0,5,5
2020-21,Building Construction Technology/Technician,46.0415,"Building/Construction Finishing, Management, and Inspection",46.04,Construction Trades,46,TCAT,Pulaski,Main Campus,"Giles County, Tennessee",47055,0,10,10
2020-21,"Heating, Air Conditioning, Ventilation and Refrigeration Maintenance Technology/Technician",47.0201,"Heating, Air Conditioning, Ventilation and Refrigeration Maintenance Technology/Technician (HAC, HACR, HVAC, HVACR)",47.02,Mechanic and Repair Technologies/Technicians,47,TCAT,Pulaski,Main Campus,"Giles County, Tennessee",47055,5,12,17
2020-21,Industrial Mechanics and Maintenance Technology/Technician,47.0303,Heavy/Industrial Equipment Maintenance Technologies/Technicians,47.03,Mechanic and Repair Technologies/Technicians,47,TCAT,Pulaski,Main Campus,"Giles County, Tennessee",47055,2,15,17
2020-21,Welding Technology/Welder,48.0508,Precision Metal Working,48.05,Precision Production,48,TCAT,Pulaski,Main Campus,"Giles County, Tennessee",47055,1,24,25
2020-21,Medical/Clinical Assistant,51.0801,Allied Health and Medical Assisting Services,51.08,Health Professions and Related Programs,51,TCAT,Pulaski,Main Campus,"Giles County, Tennessee",47055,5,6,11
2020-21,Pharmacy Technician/Assistant,51.0805,Allied Health and Medical Assisting Services,51.08,Health Professions and Related Programs,51,TCAT,Pulaski,Main Campus,"Giles County, Tennessee",47055,0,9,9
2020-21,Licensed Practical/Vocational Nurse Training,51.3901,"Practical Nursing, Vocational Nursing and Nursing Assistants",51.39,Health Professions and Related Programs,51,TCAT,Pulaski,Main Campus,"Giles County, Tennessee",47055,0,45,45
2020-21,Executive Assistant/Executive Secretary,52.0402,Business Operations Support and Assistant Services,52.04,"Business, Management, Marketing, and Related Support Services",52,TCAT,Pulaski,Main Campus,"Giles County, Tennessee",47055,0,8,8
2020-21,Machine Tool Technology/Machinist,48.0501,Precision Metal Working,48.05,Precision Production,48,TCAT,Pulaski,Northfield Instructional Service Center,"Lawrence County, Tennessee",47099,0,4,4
2020-21,Computer Numerically Controlled (CNC) Machinist Technology/CNC Machinist,48.0510,Precision Metal Working,48.05,Precision Production,48,TCAT,Pulaski,Northfield Instructional Service Center,"Lawrence County, Tennessee",47099,0,4,4
2020-21,"Construction Trades, Other",46.9999,"Construction Trades, Other",46.99,Construction Trades,46,TCAT,Pulaski,South Lawrence Instructional Service Center,"Lawrence County, Tennessee",47099,2,0,2
2020-21,Medical/Clinical Assistant,51.0801,Allied Health and Medical Assisting Services,51.08,Health Professions and Related Programs,51,TCAT,Ripley,Crockett County Higher Education Center,"Crockett County, Tennessee",47033,4,13,17
2020-21,Licensed Practical/Vocational Nurse Training,51.3901,"Practical Nursing, Vocational Nursing and Nursing Assistants",51.39,Health Professions and Related Programs,51,TCAT,Ripley,Crockett County Higher Education Center,"Crockett County, Tennessee",47033,1,23,24
2020-21,Computer Support Specialist,11.1006,Computer/Information Technology Administration and Management,11.10,Computer and Information Sciences and Support Services,11,TCAT,Ripley,Main Campus,"Lauderdale County, Tennessee",47097,6,3,9
2020-21,"Cosmetology/Cosmetologist, General",12.0401,Cosmetology and Related Personal Grooming Services,12.04,"Culinary, Entertainment, and Personal Services",12,TCAT,Ripley,Main Campus,"Lauderdale County, Tennessee",47097,2,8,10
2020-21,Manufacturing Engineering Technology/Technician,15.0613,Industrial Production Technologies/Technicians,15.06,Engineering/Engineering-Related Technologies/Technicians,15,TCAT,Ripley,Main Campus,"Lauderdale County, Tennessee",47097,4,6,10
2020-21,Electrician,46.0302,Electrical and Power Transmission Installers,46.03,Construction Trades,46,TCAT,Ripley,Main Campus,"Lauderdale County, Tennessee",47097,6,4,10
2020-21,Health Information/Medical Records Technology/Technician,51.0707,Health and Medical Administrative Services,51.07,Health Professions and Related Programs,51,TCAT,Ripley,Main Campus,"Lauderdale County, Tennessee",47097,1,1,2
2020-21,Emergency Medical Technology/Technician (EMT Paramedic),51.0904,"Allied Health Diagnostic, Intervention, and Treatment Professions",51.09,Health Professions and Related Programs,51,TCAT,Ripley,Main Campus,"Lauderdale County, Tennessee",47097,9,0,9
2020-21,Licensed Practical/Vocational Nurse Training,51.3901,"Practical Nursing, Vocational Nursing and Nursing Assistants",51.39,Health Professions and Related Programs,51,TCAT,Ripley,Main Campus,"Lauderdale County, Tennessee",47097,8,26,34
2020-21,Industrial Mechanics and Maintenance Technology/Technician,47.0303,Heavy/Industrial Equipment Maintenance Technologies/Technicians,47.03,Mechanic and Repair Technologies/Technicians,47,TCAT,Shelbyville,Adult Education Center,"Bedford County, Tennessee",47003,3,5,8
2020-21,"System, Networking, and LAN/WAN Management/Manager",11.1002,Computer/Information Technology Administration and Management,11.10,Computer and Information Sciences and Support Services,11,TCAT,Shelbyville,Franklin County Extension Campus,"Franklin County, Tennessee",47051,1,0,1
2020-21,Industrial Mechanics and Maintenance Technology/Technician,47.0303,Heavy/Industrial Equipment Maintenance Technologies/Technicians,47.03,Mechanic and Repair Technologies/Technicians,47,TCAT,Shelbyville,Franklin County Extension Campus,"Franklin County, Tennessee",47051,6,14,20
2020-21,Machine Tool Technology/Machinist,48.0501,Precision Metal Working,48.05,Precision Production,48,TCAT,Shelbyville,Franklin County Extension Campus,"Franklin County, Tennessee",47051,2,2,4
2020-21,Welding Technology/Welder,48.0508,Precision Metal Working,48.05,Precision Production,48,TCAT,Shelbyville,Franklin County Extension Campus,"Franklin County, Tennessee",47051,2,5,7
2020-21,Licensed Practical/Vocational Nurse Training,51.3901,"Practical Nursing, Vocational Nursing and Nursing Assistants",51.39,Health Professions and Related Programs,51,TCAT,Shelbyville,Franklin County Extension Campus,"Franklin County, Tennessee",47051,0,11,11
2020-21,Industrial Mechanics and Maintenance Technology/Technician,47.0303,Heavy/Industrial Equipment Maintenance Technologies/Technicians,47.03,Mechanic and Repair Technologies/Technicians,47,TCAT,Shelbyville,Lincoln Central Academy,"Lincoln County, Tennessee",47103,0,8,8
2020-21,"Drafting and Design Technology/Technician, General",15.1301,Drafting/Design Engineering Technologies/Technicians,15.13,Engineering/Engineering-Related Technologies/Technicians,15,TCAT,Shelbyville,Main Campus,"Bedford County, Tennessee",47003,7,5,12
2020-21,Electrician,46.0302,Electrical and Power Transmission Installers,46.03,Construction Trades,46,TCAT,Shelbyville,Main Campus,"Bedford County, Tennessee",47003,4,17,21
2020-21,"Heating, Air Conditioning, Ventilation and Refrigeration Maintenance Technology/Technician",47.0201,"Heating, Air Conditioning, Ventilation and Refrigeration Maintenance Technology/Technician (HAC, HACR, HVAC, HVACR)",47.02,Mechanic and Repair Technologies/Technicians,47,TCAT,Shelbyville,Main Campus,"Bedford County, Tennessee",47003,4,3,7
2020-21,Industrial Mechanics and Maintenance Technology/Technician,47.0303,Heavy/Industrial Equipment Maintenance Technologies/Technicians,47.03,Mechanic and Repair Technologies/Technicians,47,TCAT,Shelbyville,Main Campus,"Bedford County, Tennessee",47003,7,22,29
2020-21,Automobile/Automotive Mechanics Technology/Technician,47.0604,Vehicle Maintenance and Repair Technologies/Technicians,47.06,Mechanic and Repair Technologies/Technicians,47,TCAT,Shelbyville,Main Campus,"Bedford County, Tennessee",47003,2,9,11
2020-21,Machine Tool Technology/Machinist,48.0501,Precision Metal Working,48.05,Precision Production,48,TCAT,Shelbyville,Main Campus,"Bedford County, Tennessee",47003,6,9,15
2020-21,Welding Technology/Welder,48.0508,Precision Metal Working,48.05,Precision Production,48,TCAT,Shelbyville,Main Campus,"Bedford County, Tennessee",47003,1,12,13
2020-21,Truck and Bus Driver/Commercial Vehicle Operator and Instructor,49.0205,Ground Transportation,49.02,Transportation and Materials Moving,49,TCAT,Shelbyville,Main Campus,"Bedford County, Tennessee",47003,20,0,20
2020-21,Licensed Practical/Vocational Nurse Training,51.3901,"Practical Nursing, Vocational Nursing and Nursing Assistants",51.39,Health Professions and Related Programs,51,TCAT,Shelbyville,Main Campus,"Bedford County, Tennessee",47003,4,21,25
2020-21,Executive Assistant/Executive Secretary,52.0402,Business Operations Support and Assistant Services,52.04,"Business, Management, Marketing, and Related Support Services",52,TCAT,Shelbyville,Main Campus,"Bedford County, Tennessee",47003,1,18,19
2020-21,"System, Networking, and LAN/WAN Management/Manager",11.1002,Computer/Information Technology Administration and Management,11.10,Computer and Information Sciences and Support Services,11,TCAT,Shelbyville,Middle Tennessee Education Center,"Bedford County, Tennessee",47003,3,33,36
2020-21,Machine Tool Technology/Machinist,48.0501,Precision Metal Working,48.05,Precision Production,48,TCAT,Whiteville,Brownsville Extension Campus,"Haywood County, Tennessee",47075,1,6,7
2020-21,Health Information/Medical Records Technology/Technician,51.0707,Health and Medical Administrative Services,51.07,Health Professions and Related Programs,51,TCAT,Whiteville,Brownsville Extension Campus,"Haywood County, Tennessee",47075,6,5,11
2020-21,Licensed Practical/Vocational Nurse Training,51.3901,"Practical Nursing, Vocational Nursing and Nursing Assistants",51.39,Health Professions and Related Programs,51,TCAT,Whiteville,Brownsville Extension Campus,"Haywood County, Tennessee",47075,19,19,38
2020-21,Computer Support Specialist,11.1006,Computer/Information Technology Administration and Management,11.10,Computer and Information Sciences and Support Services,11,TCAT,Whiteville,Main Campus,"Madison County, Tennessee",47113,6,4,10
2020-21,"Heating, Air Conditioning, Ventilation and Refrigeration Maintenance Technology/Technician",47.0201,"Heating, Air Conditioning, Ventilation and Refrigeration Maintenance Technology/Technician (HAC, HACR, HVAC, HVACR)",47.02,Mechanic and Repair Technologies/Technicians,47,TCAT,Whiteville,Main Campus,"Madison County, Tennessee",47113,7,8,15
2020-21,Industrial Mechanics and Maintenance Technology/Technician,47.0303,Heavy/Industrial Equipment Maintenance Technologies/Technicians,47.03,Mechanic and Repair Technologies/Technicians,47,TCAT,Whiteville,Main Campus,"Madison County, Tennessee",47113,14,4,18
2020-21,Automobile/Automotive Mechanics Technology/Technician,47.0604,Vehicle Maintenance and Repair Technologies/Technicians,47.06,Mechanic and Repair Technologies/Technicians,47,TCAT,Whiteville,Main Campus,"Madison County, Tennessee",47113,14,1,15
2020-21,Welding Technology/Welder,48.0508,Precision Metal Working,48.05,Precision Production,48,TCAT,Whiteville,Main Campus,"Madison County, Tennessee",47113,7,9,16
2020-21,Medical/Clinical Assistant,51.0801,Allied Health and Medical Assisting Services,51.08,Health Professions and Related Programs,51,TCAT,Whiteville,Main Campus,"Madison County, Tennessee",47113,1,13,14
2020-21,Licensed Practical/Vocational Nurse Training,51.3901,"Practical Nursing, Vocational Nursing and Nursing Assistants",51.39,Health Professions and Related Programs,51,TCAT,Whiteville,Main Campus,"Madison County, Tennessee",47113,8,17,25
2021-22,Computer Systems Networking and Telecommunications,11.0901,Computer Systems Networking and Telecommunications,11.09,Computer and Information Sciences and Support Services,11,TCAT,Athens,Main Campus,"McMinn County, Tennessee",47107,0,10,10
2021-22,Autobody/Collision and Repair Technology/Technician,47.0603,Vehicle Maintenance and Repair Technologies/Technicians,47.06,Mechanic and Repair Technologies/Technicians,47,TCAT,Athens,Main Campus,"McMinn County, Tennessee",47107,2,12,14
2021-22,Automobile/Automotive Mechanics Technology/Technician,47.0604,Vehicle Maintenance and Repair Technologies/Technicians,47.06,Mechanic and Repair Technologies/Technicians,47,TCAT,Athens,Main Campus,"McMinn County, Tennessee",47107,2,7,9
2021-22,Machine Tool Technology/Machinist,48.0501,Precision Metal Working,48.05,Precision Production,48,TCAT,Athens,Main Campus,"McMinn County, Tennessee",47107,0,9,9
2021-22,Welding Technology/Welder,48.0508,Precision Metal Working,48.05,Precision Production,48,TCAT,Athens,Main Campus,"McMinn County, Tennessee",47107,9,6,15
2021-22,Licensed Practical/Vocational Nurse Training,51.3901,"Practical Nursing, Vocational Nursing and Nursing Assistants",51.39,Health Professions and Related Programs,51,TCAT,Athens,Main Campus,"McMinn County, Tennessee",47107,0,16,16
2021-22,Executive Assistant/Executive Secretary,52.0402,Business Operations Support and Assistant Services,52.04,"Business, Management, Marketing, and Related Support Services",52,TCAT,Athens,Main Campus,"McMinn County, Tennessee",47107,3,7,10
2021-22,"Electrical and Power Transmission Installation/Installer, General",46.0301,Electrical and Power Transmission Installers,46.03,Construction Trades,46,TCAT,Chattanooga,ChSCC - West Campus,"Hamilton County, Tennessee",47065,0,4,4
2021-22,Industrial Mechanics and Maintenance Technology/Technician,47.0303,Heavy/Industrial Equipment Maintenance Technologies/Technicians,47.03,Mechanic and Repair Technologies/Technicians,47,TCAT,Chattanooga,ChSCC - West Campus,"Hamilton County, Tennessee",47065,0,4,4
2021-22,Welding Technology/Welder,48.0508,Precision Metal Working,48.05,Precision Production,48,TCAT,Chattanooga,ChSCC - West Campus,"Hamilton County, Tennessee",47065,0,11,11
2021-22,Medical/Clinical Assistant,51.0801,Allied Health and Medical Assisting Services,51.08,Health Professions and Related Programs,51,TCAT,Chattanooga,ChSCC - West Campus,"Hamilton County, Tennessee",47065,0,8,8
2021-22,Truck and Bus Driver/Commercial Vehicle Operator and Instructor,49.0205,Ground Transportation,49.02,Transportation and Materials Moving,49,TCAT,Chattanooga,Kansita Building,"Hamilton County, Tennessee",47065,131,0,131
2021-22,"Applied Horticulture/Horticulture Operations, General",01.0601,Applied Horticulture and Horticultural Business Services,01.06,Agricultural/Animal/Plant/Veterinary Science and Related Fields,01,TCAT,Chattanooga,Main Campus,"Hamilton County, Tennessee",47065,0,13,13
2021-22,"Cosmetology/Cosmetologist, General",12.0401,Cosmetology and Related Personal Grooming Services,12.04,"Culinary, Entertainment, and Personal Services",12,TCAT,Chattanooga,Main Campus,"Hamilton County, Tennessee",47065,0,41,41
2021-22,Barbering/Barber,12.0402,Cosmetology and Related Personal Grooming Services,12.04,"Culinary, Entertainment, and Personal Services",12,TCAT,Chattanooga,Main Campus,"Hamilton County, Tennessee",47065,0,12,12
2021-22,"Cosmetology and Related Personal Grooming Arts, Other",12.0499,Cosmetology and Related Personal Grooming Services,12.04,"Culinary, Entertainment, and Personal Services",12,TCAT,Chattanooga,Main Campus,"Hamilton County, Tennessee",47065,28,0,28
2021-22,"Electrical and Power Transmission Installation/Installer, General",46.0301,Electrical and Power Transmission Installers,46.03,Construction Trades,46,TCAT,Chattanooga,Main Campus,"Hamilton County, Tennessee",47065,0,44,44
2021-22,"Heating, Air Conditioning, Ventilation and Refrigeration Maintenance Technology/Technician",47.0201,"Heating, Air Conditioning, Ventilation and Refrigeration Maintenance Technology/Technician (HAC, HACR, HVAC, HVACR)",47.02,Mechanic and Repair Technologies/Technicians,47,TCAT,Chattanooga,Main Campus,"Hamilton County, Tennessee",47065,0,32,32
2021-22,Heavy Equipment Maintenance Technology/Technician,47.0302,Heavy/Industrial Equipment Maintenance Technologies/Technicians,47.03,Mechanic and Repair Technologies/Technicians,47,TCAT,Chattanooga,Main Campus,"Hamilton County, Tennessee",47065,0,1,1
2021-22,Industrial Mechanics and Maintenance Technology/Technician,47.0303,Heavy/Industrial Equipment Maintenance Technologies/Technicians,47.03,Mechanic and Repair Technologies/Technicians,47,TCAT,Chattanooga,Main Campus,"Hamilton County, Tennessee",47065,0,25,25
2021-22,Autobody/Collision and Repair Technology/Technician,47.0603,Vehicle Maintenance and Repair Technologies/Technicians,47.06,Mechanic and Repair Technologies/Technicians,47,TCAT,Chattanooga,Main Campus,"Hamilton County, Tennessee",47065,0,15,15
2021-22,Automobile/Automotive Mechanics Technology/Technician,47.0604,Vehicle Maintenance and Repair Technologies/Technicians,47.06,Mechanic and Repair Technologies/Technicians,47,TCAT,Chattanooga,Main Campus,"Hamilton County, Tennessee",47065,0,17,17
2021-22,Diesel Mechanics Technology/Technician,47.0605,Vehicle Maintenance and Repair Technologies/Technicians,47.06,Mechanic and Repair Technologies/Technicians,47,TCAT,Chattanooga,Main Campus,"Hamilton County, Tennessee",47065,0,13,13
2021-22,Motorcycle Maintenance and Repair Technology/Technician,47.0611,Vehicle Maintenance and Repair Technologies/Technicians,47.06,Mechanic and Repair Technologies/Technicians,47,TCAT,Chattanooga,Main Campus,"Hamilton County, Tennessee",47065,0,16,16
2021-22,Machine Tool Technology/Machinist,48.0501,Precision Metal Working,48.05,Precision Production,48,TCAT,Chattanooga,Main Campus,"Hamilton County, Tennessee",47065,0,14,14
2021-22,Welding Technology/Welder,48.0508,Precision Metal Working,48.05,Precision Production,48,TCAT,Chattanooga,Main Campus,"Hamilton County, Tennessee",47065,0,38,38
2021-22,Medical/Clinical Assistant,51.0801,Allied Health and Medical Assisting Services,51.08,Health Professions and Related Programs,51,TCAT,Chattanooga,Main Campus,"Hamilton County, Tennessee",47065,0,20,20
2021-22,Surgical Technology/Technologist,51.0909,"Allied Health Diagnostic, Intervention, and Treatment Professions",51.09,Health Professions and Related Programs,51,TCAT,Chattanooga,Main Campus,"Hamilton County, Tennessee",47065,0,20,20
2021-22,Massage Therapy/Therapeutic Massage,51.3501,Somatic Bodywork and Related Therapeutic Services,51.35,Health Professions and Related Programs,51,TCAT,Chattanooga,Main Campus,"Hamilton County, Tennessee",47065,21,0,21
2021-22,Licensed Practical/Vocational Nurse Training,51.3901,"Practical Nursing, Vocational Nursing and Nursing Assistants",51.39,Health Professions and Related Programs,51,TCAT,Chattanooga,Main Campus,"Hamilton County, Tennessee",47065,0,32,32
2021-22,Executive Assistant/Executive Secretary,52.0402,Business Operations Support and Assistant Services,52.04,"Business, Management, Marketing, and Related Support Services",52,TCAT,Chattanooga,Main Campus,"Hamilton County, Tennessee",47065,0,9,9
2021-22,Business/Office Automation/Technology/Data Entry,52.0407,Business Operations Support and Assistant Services,52.04,"Business, Management, Marketing, and Related Support Services",52,TCAT,Chattanooga,Main Campus,"Hamilton County, Tennessee",47065,0,31,31
2021-22,"Electrical and Power Transmission Installation/Installer, General",46.0301,Electrical and Power Transmission Installers,46.03,Construction Trades,46,TCAT,Chattanooga,Rhea County Industrial Park,"Rhea County, Tennessee",47143,0,6,6
2021-22,Industrial Mechanics and Maintenance Technology/Technician,47.0303,Heavy/Industrial Equipment Maintenance Technologies/Technicians,47.03,Mechanic and Repair Technologies/Technicians,47,TCAT,Chattanooga,Rhea County Industrial Park,"Rhea County, Tennessee",47143,0,2,2
2021-22,Welding Technology/Welder,48.0508,Precision Metal Working,48.05,Precision Production,48,TCAT,Chattanooga,Suburban Manufacturing,"Hamilton County, Tennessee",47065,0,10,10
2021-22,"Soil Science and Agronomy, General",01.1201,Soil Sciences,01.12,Agricultural/Animal/Plant/Veterinary Science and Related Fields,01,TCAT,Covington,Main Campus,"Tipton County, Tennessee",47167,2,1,3
2021-22,Computer Support Specialist,11.1006,Computer/Information Technology Administration and Management,11.10,Computer and Information Sciences and Support Services,11,TCAT,Covington,Main Campus,"Tipton County, Tennessee",47167,14,6,20
2021-22,"Heating, Air Conditioning, Ventilation and Refrigeration Maintenance Technology/Technician",47.0201,"Heating, Air Conditioning, Ventilation and Refrigeration Maintenance Technology/Technician (HAC, HACR, HVAC, HVACR)",47.02,Mechanic and Repair Technologies/Technicians,47,TCAT,Covington,Main Campus,"Tipton County, Tennessee",47167,10,0,10
2021-22,Industrial Mechanics and Maintenance Technology/Technician,47.0303,Heavy/Industrial Equipment Maintenance Technologies/Technicians,47.03,Mechanic and Repair Technologies/Technicians,47,TCAT,Covington,Main Campus,"Tipton County, Tennessee",47167,22,4,26
2021-22,Automobile/Automotive Mechanics Technology/Technician,47.0604,Vehicle Maintenance and Repair Technologies/Technicians,47.06,Mechanic and Repair Technologies/Technicians,47,TCAT,Covington,Main Campus,"Tipton County, Tennessee",47167,6,1,7
2021-22,Machine Tool Technology/Machinist,48.0501,Precision Metal Working,48.05,Precision Production,48,TCAT,Covington,Main Campus,"Tipton County, Tennessee",47167,1,8,9
2021-22,Welding Technology/Welder,48.0508,Precision Metal Working,48.05,Precision Production,48,TCAT,Covington,Main Campus,"Tipton County, Tennessee",47167,4,17,21
2021-22,Dental Assisting/Assistant,51.0601,Dental Support Services and Allied Professions,51.06,Health Professions and Related Programs,51,TCAT,Covington,Main Campus,"Tipton County, Tennessee",47167,0,15,15
2021-22,Pharmacy Technician/Assistant,51.0805,Allied Health and Medical Assisting Services,51.08,Health Professions and Related Programs,51,TCAT,Covington,Main Campus,"Tipton County, Tennessee",47167,0,6,6
2021-22,Licensed Practical/Vocational Nurse Training,51.3901,"Practical Nursing, Vocational Nursing and Nursing Assistants",51.39,Health Professions and Related Programs,51,TCAT,Covington,Main Campus,"Tipton County, Tennessee",47167,4,30,34
2021-22,Executive Assistant/Executive Secretary,52.0402,Business Operations Support and Assistant Services,52.04,"Business, Management, Marketing, and Related Support Services",52,TCAT,Covington,Main Campus,"Tipton County, Tennessee",47167,15,5,20
2021-22,Building Construction Technology/Technician,46.0415,"Building/Construction Finishing, Management, and Inspection",46.04,Construction Trades,46,TCAT,Crossville,Bledsoe County Correctional Complex,"Bledsoe County, Tennessee",47007,2,0,2
2021-22,Computer Support Specialist,11.1006,Computer/Information Technology Administration and Management,11.10,Computer and Information Sciences and Support Services,11,TCAT,Crossville,Main Campus,"Cumberland County, Tennessee",47035,10,9,19
2021-22,"Cosmetology/Cosmetologist, General",12.0401,Cosmetology and Related Personal Grooming Services,12.04,"Culinary, Entertainment, and Personal Services",12,TCAT,Crossville,Main Campus,"Cumberland County, Tennessee",47035,1,15,16
2021-22,Mason/Masonry,46.0101,Mason/Masonry,46.01,Construction Trades,46,TCAT,Crossville,Main Campus,"Cumberland County, Tennessee",47035,0,3,3
2021-22,Building Construction Technology/Technician,46.0415,"Building/Construction Finishing, Management, and Inspection",46.04,Construction Trades,46,TCAT,Crossville,Main Campus,"Cumberland County, Tennessee",47035,3,11,14
2021-22,"Heating, Air Conditioning, Ventilation and Refrigeration Maintenance Technology/Technician",47.0201,"Heating, Air Conditioning, Ventilation and Refrigeration Maintenance Technology/Technician (HAC, HACR, HVAC, HVACR)",47.02,Mechanic and Repair Technologies/Technicians,47,TCAT,Crossville,Main Campus,"Cumberland County, Tennessee",47035,2,9,11
2021-22,Industrial Mechanics and Maintenance Technology/Technician,47.0303,Heavy/Industrial Equipment Maintenance Technologies/Technicians,47.03,Mechanic and Repair Technologies/Technicians,47,TCAT,Crossville,Main Campus,"Cumberland County, Tennessee",47035,5,22,27
2021-22,Autobody/Collision and Repair Technology/Technician,47.0603,Vehicle Maintenance and Repair Technologies/Technicians,47.06,Mechanic and Repair Technologies/Technicians,47,TCAT,Crossville,Main Campus,"Cumberland County, Tennessee",47035,0,10,10
2021-22,Automobile/Automotive Mechanics Technology/Technician,47.0604,Vehicle Maintenance and Repair Technologies/Technicians,47.06,Mechanic and Repair Technologies/Technicians,47,TCAT,Crossville,Main Campus,"Cumberland County, Tennessee",47035,5,8,13
2021-22,Diesel Mechanics Technology/Technician,47.0605,Vehicle Maintenance and Repair Technologies/Technicians,47.06,Mechanic and Repair Technologies/Technicians,47,TCAT,Crossville,Main Campus,"Cumberland County, Tennessee",47035,2,7,9
2021-22,Motorcycle Maintenance and Repair Technology/Technician,47.0611,Vehicle Maintenance and Repair Technologies/Technicians,47.06,Mechanic and Repair Technologies/Technicians,47,TCAT,Crossville,Main Campus,"Cumberland County, Tennessee",47035,2,7,9
2021-22,Machine Tool Technology/Machinist,48.0501,Precision Metal Working,48.05,Precision Production,48,TCAT,Crossville,Main Campus,"Cumberland County, Tennessee",47035,1,10,11
2021-22,Welding Technology/Welder,48.0508,Precision Metal Working,48.05,Precision Production,48,TCAT,Crossville,Main Campus,"Cumberland County, Tennessee",47035,5,26,31
2021-22,Truck and Bus Driver/Commercial Vehicle Operator and Instructor,49.0205,Ground Transportation,49.02,Transportation and Materials Moving,49,TCAT,Crossville,Main Campus,"Cumberland County, Tennessee",47035,32,0,32
2021-22,Surgical Technology/Technologist,51.0909,"Allied Health Diagnostic, Intervention, and Treatment Professions",51.09,Health Professions and Related Programs,51,TCAT,Crossville,Main Campus,"Cumberland County, Tennessee",47035,0,5,5
2021-22,Licensed Practical/Vocational Nurse Training,51.3901,"Practical Nursing, Vocational Nursing and Nursing Assistants",51.39,Health Professions and Related Programs,51,TCAT,Crossville,Main Campus,"Cumberland County, Tennessee",47035,3,52,55
2021-22,Executive Assistant/Executive Secretary,52.0402,Business Operations Support and Assistant Services,52.04,"Business, Management, Marketing, and Related Support Services",52,TCAT,Crossville,Main Campus,"Cumberland County, Tennessee",47035,5,11,16
2021-22,Hotel/Motel Administration/Management,52.0904,Hospitality Administration/Management,52.09,"Business, Management, Marketing, and Related Support Services",52,TCAT,Crossville,Main Campus,"Cumberland County, Tennessee",47035,0,1,1
2021-22,Welding Technology/Welder,48.0508,Precision Metal Working,48.05,Precision Production,48,TCAT,Crump,Chester County High School,"Chester County, Tennessee",47023,5,8,13
2021-22,Health Information/Medical Records Technology/Technician,51.0707,Health and Medical Administrative Services,51.07,Health Professions and Related Programs,51,TCAT,Crump,Clifton Instructional Service Center,"Wayne County, Tennessee",47181,6,17,23
2021-22,Diesel Mechanics Technology/Technician,47.0605,Vehicle Maintenance and Repair Technologies/Technicians,47.06,Mechanic and Repair Technologies/Technicians,47,TCAT,Crump,Crump Parsons Extension,"Decatur County, Tennessee",47039,3,0,3
2021-22,Truck and Bus Driver/Commercial Vehicle Operator and Instructor,49.0205,Ground Transportation,49.02,Transportation and Materials Moving,49,TCAT,Crump,Crump Parsons Extension,"Decatur County, Tennessee",47039,27,0,27
2021-22,Welding Technology/Welder,48.0508,Precision Metal Working,48.05,Precision Production,48,TCAT,Crump,Hardin County High School,"Hardin County, Tennessee",47071,7,1,8
2021-22,"System, Networking, and LAN/WAN Management/Manager",11.1002,Computer/Information Technology Administration and Management,11.10,Computer and Information Sciences and Support Services,11,TCAT,Crump,Henderson/Chester County's ISC,"Chester County, Tennessee",47023,3,0,3
2021-22,Building Construction Technology/Technician,46.0415,"Building/Construction Finishing, Management, and Inspection",46.04,Construction Trades,46,TCAT,Crump,Henderson/Chester County's ISC,"Chester County, Tennessee",47023,2,11,13
2021-22,Health Information/Medical Records Technology/Technician,51.0707,Health and Medical Administrative Services,51.07,Health Professions and Related Programs,51,TCAT,Crump,Henderson/Chester County's ISC,"Chester County, Tennessee",47023,5,8,13
2021-22,Farm/Farm and Ranch Management,01.0104,Agricultural Business and Management,01.01,Agricultural/Animal/Plant/Veterinary Science and Related Fields,01,TCAT,Crump,Main Campus,"Hardin County, Tennessee",47071,1,5,6
2021-22,Computer Support Specialist,11.1006,Computer/Information Technology Administration and Management,11.10,Computer and Information Sciences and Support Services,11,TCAT,Crump,Main Campus,"Hardin County, Tennessee",47071,4,0,4
2021-22,"Drafting and Design Technology/Technician, General",15.1301,Drafting/Design Engineering Technologies/Technicians,15.13,Engineering/Engineering-Related Technologies/Technicians,15,TCAT,Crump,Main Campus,"Hardin County, Tennessee",47071,5,0,5
2021-22,Electrician,46.0302,Electrical and Power Transmission Installers,46.03,Construction Trades,46,TCAT,Crump,Main Campus,"Hardin County, Tennessee",47071,9,7,16
2021-22,"Heating, Air Conditioning, Ventilation and Refrigeration Maintenance Technology/Technician",47.0201,"Heating, Air Conditioning, Ventilation and Refrigeration Maintenance Technology/Technician (HAC, HACR, HVAC, HVACR)",47.02,Mechanic and Repair Technologies/Technicians,47,TCAT,Crump,Main Campus,"Hardin County, Tennessee",47071,1,14,15
2021-22,Industrial Mechanics and Maintenance Technology/Technician,47.0303,Heavy/Industrial Equipment Maintenance Technologies/Technicians,47.03,Mechanic and Repair Technologies/Technicians,47,TCAT,Crump,Main Campus,"Hardin County, Tennessee",47071,4,15,19
2021-22,Autobody/Collision and Repair Technology/Technician,47.0603,Vehicle Maintenance and Repair Technologies/Technicians,47.06,Mechanic and Repair Technologies/Technicians,47,TCAT,Crump,Main Campus,"Hardin County, Tennessee",47071,9,0,9
2021-22,Machine Tool Technology/Machinist,48.0501,Precision Metal Working,48.05,Precision Production,48,TCAT,Crump,Main Campus,"Hardin County, Tennessee",47071,0,6,6
2021-22,Welding Technology/Welder,48.0508,Precision Metal Working,48.05,Precision Production,48,TCAT,Crump,Main Campus,"Hardin County, Tennessee",47071,3,18,21
2021-22,Commercial and Advertising Art,50.0402,Design and Applied Arts,50.04,Visual and Performing Arts,50,TCAT,Crump,Main Campus,"Hardin County, Tennessee",47071,5,4,9
2021-22,Licensed Practical/Vocational Nurse Training,51.3901,"Practical Nursing, Vocational Nursing and Nursing Assistants",51.39,Health Professions and Related Programs,51,TCAT,Crump,Main Campus,"Hardin County, Tennessee",47071,10,37,47
2021-22,Executive Assistant/Executive Secretary,52.0402,Business Operations Support and Assistant Services,52.04,"Business, Management, Marketing, and Related Support Services",52,TCAT,Crump,Main Campus,"Hardin County, Tennessee",47071,6,4,10
2021-22,Farm/Farm and Ranch Management,01.0104,Agricultural Business and Management,01.01,Agricultural/Animal/Plant/Veterinary Science and Related Fields,01,TCAT,Crump,McNairy Central High School,"McNairy County, Tennessee",47109,2,0,2
2021-22,Farm/Farm and Ranch Management,01.0104,Agricultural Business and Management,01.01,Agricultural/Animal/Plant/Veterinary Science and Related Fields,01,TCAT,Crump,Scotts Hill High School,"Henderson County, Tennessee",47077,4,0,4
2021-22,Computer Support Specialist,11.1006,Computer/Information Technology Administration and Management,11.10,Computer and Information Sciences and Support Services,11,TCAT,Dickson,Clarksville Extension,"Montgomery County, Tennessee",47125,12,4,16
2021-22,"Cosmetology/Cosmetologist, General",12.0401,Cosmetology and Related Personal Grooming Services,12.04,"Culinary, Entertainment, and Personal Services",12,TCAT,Dickson,Clarksville Extension,"Montgomery County, Tennessee",47125,5,26,31
2021-22,Building Construction Technology/Technician,46.0415,"Building/Construction Finishing, Management, and Inspection",46.04,Construction Trades,46,TCAT,Dickson,Clarksville Extension,"Montgomery County, Tennessee",47125,0,8,8
2021-22,"Heating, Air Conditioning, Ventilation and Refrigeration Maintenance Technology/Technician",47.0201,"Heating, Air Conditioning, Ventilation and Refrigeration Maintenance Technology/Technician (HAC, HACR, HVAC, HVACR)",47.02,Mechanic and Repair Technologies/Technicians,47,TCAT,Dickson,Clarksville Extension,"Montgomery County, Tennessee",47125,3,20,23
2021-22,Industrial Mechanics and Maintenance Technology/Technician,47.0303,Heavy/Industrial Equipment Maintenance Technologies/Technicians,47.03,Mechanic and Repair Technologies/Technicians,47,TCAT,Dickson,Clarksville Extension,"Montgomery County, Tennessee",47125,9,23,32
2021-22,Automobile/Automotive Mechanics Technology/Technician,47.0604,Vehicle Maintenance and Repair Technologies/Technicians,47.06,Mechanic and Repair Technologies/Technicians,47,TCAT,Dickson,Clarksville Extension,"Montgomery County, Tennessee",47125,3,10,13
2021-22,Diesel Mechanics Technology/Technician,47.0605,Vehicle Maintenance and Repair Technologies/Technicians,47.06,Mechanic and Repair Technologies/Technicians,47,TCAT,Dickson,Clarksville Extension,"Montgomery County, Tennessee",47125,7,6,13
2021-22,Machine Tool Technology/Machinist,48.0501,Precision Metal Working,48.05,Precision Production,48,TCAT,Dickson,Clarksville Extension,"Montgomery County, Tennessee",47125,1,9,10
2021-22,Welding Technology/Welder,48.0508,Precision Metal Working,48.05,Precision Production,48,TCAT,Dickson,Clarksville Extension,"Montgomery County, Tennessee",47125,7,29,36
2021-22,Commercial and Advertising Art,50.0402,Design and Applied Arts,50.04,Visual and Performing Arts,50,TCAT,Dickson,Clarksville Extension,"Montgomery County, Tennessee",47125,3,8,11
2021-22,Pharmacy Technician/Assistant,51.0805,Allied Health and Medical Assisting Services,51.08,Health Professions and Related Programs,51,TCAT,Dickson,Clarksville Extension,"Montgomery County, Tennessee",47125,0,5,5
2021-22,Licensed Practical/Vocational Nurse Training,51.3901,"Practical Nursing, Vocational Nursing and Nursing Assistants",51.39,Health Professions and Related Programs,51,TCAT,Dickson,Clarksville Extension,"Montgomery County, Tennessee",47125,3,27,30
2021-22,Executive Assistant/Executive Secretary,52.0402,Business Operations Support and Assistant Services,52.04,"Business, Management, Marketing, and Related Support Services",52,TCAT,Dickson,Clarksville Extension,"Montgomery County, Tennessee",47125,5,7,12
2021-22,Licensed Practical/Vocational Nurse Training,51.3901,"Practical Nursing, Vocational Nursing and Nursing Assistants",51.39,Health Professions and Related Programs,51,TCAT,Dickson,Franklin Extension,"Williamson County, Tennessee",47187,2,6,8
2021-22,Computer Support Specialist,11.1006,Computer/Information Technology Administration and Management,11.10,Computer and Information Sciences and Support Services,11,TCAT,Dickson,Main Campus,"Dickson County, Tennessee",47043,7,7,14
2021-22,"Cosmetology/Cosmetologist, General",12.0401,Cosmetology and Related Personal Grooming Services,12.04,"Culinary, Entertainment, and Personal Services",12,TCAT,Dickson,Main Campus,"Dickson County, Tennessee",47043,4,27,31
2021-22,Building Construction Technology/Technician,46.0415,"Building/Construction Finishing, Management, and Inspection",46.04,Construction Trades,46,TCAT,Dickson,Main Campus,"Dickson County, Tennessee",47043,2,2,4
2021-22,"Heating, Air Conditioning, Ventilation and Refrigeration Maintenance Technology/Technician",47.0201,"Heating, Air Conditioning, Ventilation and Refrigeration Maintenance Technology/Technician (HAC, HACR, HVAC, HVACR)",47.02,Mechanic and Repair Technologies/Technicians,47,TCAT,Dickson,Main Campus,"Dickson County, Tennessee",47043,3,16,19
2021-22,Industrial Mechanics and Maintenance Technology/Technician,47.0303,Heavy/Industrial Equipment Maintenance Technologies/Technicians,47.03,Mechanic and Repair Technologies/Technicians,47,TCAT,Dickson,Main Campus,"Dickson County, Tennessee",47043,5,12,17
2021-22,Automobile/Automotive Mechanics Technology/Technician,47.0604,Vehicle Maintenance and Repair Technologies/Technicians,47.06,Mechanic and Repair Technologies/Technicians,47,TCAT,Dickson,Main Campus,"Dickson County, Tennessee",47043,2,9,11
2021-22,Diesel Mechanics Technology/Technician,47.0605,Vehicle Maintenance and Repair Technologies/Technicians,47.06,Mechanic and Repair Technologies/Technicians,47,TCAT,Dickson,Main Campus,"Dickson County, Tennessee",47043,6,9,15
2021-22,Machine Tool Technology/Machinist,48.0501,Precision Metal Working,48.05,Precision Production,48,TCAT,Dickson,Main Campus,"Dickson County, Tennessee",47043,1,9,10
2021-22,Welding Technology/Welder,48.0508,Precision Metal Working,48.05,Precision Production,48,TCAT,Dickson,Main Campus,"Dickson County, Tennessee",47043,2,16,18
2021-22,Commercial and Advertising Art,50.0402,Design and Applied Arts,50.04,Visual and Performing Arts,50,TCAT,Dickson,Main Campus,"Dickson County, Tennessee",47043,3,5,8
2021-22,Dental Assisting/Assistant,51.0601,Dental Support Services and Allied Professions,51.06,Health Professions and Related Programs,51,TCAT,Dickson,Main Campus,"Dickson County, Tennessee",47043,1,8,9
2021-22,Licensed Practical/Vocational Nurse Training,51.3901,"Practical Nursing, Vocational Nursing and Nursing Assistants",51.39,Health Professions and Related Programs,51,TCAT,Dickson,Main Campus,"Dickson County, Tennessee",47043,18,50,68
2021-22,Executive Assistant/Executive Secretary,52.0402,Business Operations Support and Assistant Services,52.04,"Business, Management, Marketing, and Related Support Services",52,TCAT,Dickson,Main Campus,"Dickson County, Tennessee",47043,4,12,16
2021-22,"Cosmetology/Cosmetologist, General",12.0401,Cosmetology and Related Personal Grooming Services,12.04,"Culinary, Entertainment, and Personal Services",12,TCAT,Elizabethton,Arney Street Campus,"Carter County, Tennessee",47019,0,14,14
2021-22,Corrections,43.0102,Criminal Justice and Corrections,43.01,"Homeland Security, Law Enforcement, Firefighting and Related Protective Services",43,TCAT,Elizabethton,Arney Street Campus,"Carter County, Tennessee",47019,0,2,2
2021-22,Diesel Mechanics Technology/Technician,47.0605,Vehicle Maintenance and Repair Technologies/Technicians,47.06,Mechanic and Repair Technologies/Technicians,47,TCAT,Elizabethton,Arney Street Campus,"Carter County, Tennessee",47019,7,7,14
2021-22,Welding Technology/Welder,48.0508,Precision Metal Working,48.05,Precision Production,48,TCAT,Elizabethton,Arney Street Campus,"Carter County, Tennessee",47019,5,9,14
2021-22,Building Construction Technology/Technician,46.0415,"Building/Construction Finishing, Management, and Inspection",46.04,Construction Trades,46,TCAT,Elizabethton,Kingsport Extension Campus,"Sullivan County, Tennessee",47165,3,0,3
2021-22,Licensed Practical/Vocational Nurse Training,51.3901,"Practical Nursing, Vocational Nursing and Nursing Assistants",51.39,Health Professions and Related Programs,51,TCAT,Elizabethton,Kingsport Extension Campus,"Sullivan County, Tennessee",47165,4,0,4
2021-22,Licensed Practical/Vocational Nurse Training,51.3901,"Practical Nursing, Vocational Nursing and Nursing Assistants",51.39,Health Professions and Related Programs,51,TCAT,Elizabethton,Kingsport Higher Education Center,"Sullivan County, Tennessee",47165,0,29,29
2021-22,Computer Support Specialist,11.1006,Computer/Information Technology Administration and Management,11.10,Computer and Information Sciences and Support Services,11,TCAT,Elizabethton,Main Campus,"Carter County, Tennessee",47019,2,8,10
2021-22,Manufacturing Engineering Technology/Technician,15.0613,Industrial Production Technologies/Technicians,15.06,Engineering/Engineering-Related Technologies/Technicians,15,TCAT,Elizabethton,Main Campus,"Carter County, Tennessee",47019,2,6,8
2021-22,Electrician,46.0302,Electrical and Power Transmission Installers,46.03,Construction Trades,46,TCAT,Elizabethton,Main Campus,"Carter County, Tennessee",47019,0,21,21
2021-22,Plumbing Technology/Plumber,46.0503,Plumbing and Related Water Supply Services,46.05,Construction Trades,46,TCAT,Elizabethton,Main Campus,"Carter County, Tennessee",47019,2,17,19
2021-22,"Heating, Air Conditioning, Ventilation and Refrigeration Maintenance Technology/Technician",47.0201,"Heating, Air Conditioning, Ventilation and Refrigeration Maintenance Technology/Technician (HAC, HACR, HVAC, HVACR)",47.02,Mechanic and Repair Technologies/Technicians,47,TCAT,Elizabethton,Main Campus,"Carter County, Tennessee",47019,1,11,12
2021-22,Industrial Mechanics and Maintenance Technology/Technician,47.0303,Heavy/Industrial Equipment Maintenance Technologies/Technicians,47.03,Mechanic and Repair Technologies/Technicians,47,TCAT,Elizabethton,Main Campus,"Carter County, Tennessee",47019,3,15,18
2021-22,Automobile/Automotive Mechanics Technology/Technician,47.0604,Vehicle Maintenance and Repair Technologies/Technicians,47.06,Mechanic and Repair Technologies/Technicians,47,TCAT,Elizabethton,Main Campus,"Carter County, Tennessee",47019,7,10,17
2021-22,Diesel Mechanics Technology/Technician,47.0605,Vehicle Maintenance and Repair Technologies/Technicians,47.06,Mechanic and Repair Technologies/Technicians,47,TCAT,Elizabethton,Main Campus,"Carter County, Tennessee",47019,9,6,15
2021-22,Machine Tool Technology/Machinist,48.0501,Precision Metal Working,48.05,Precision Production,48,TCAT,Elizabethton,Main Campus,"Carter County, Tennessee",47019,0,9,9
2021-22,Welding Technology/Welder,48.0508,Precision Metal Working,48.05,Precision Production,48,TCAT,Elizabethton,Main Campus,"Carter County, Tennessee",47019,2,10,12
2021-22,Phlebotomy Technician/Phlebotomist,51.1009,Clinical/Medical Laboratory Science/Research and Allied Professions,51.10,Health Professions and Related Programs,51,TCAT,Elizabethton,Main Campus,"Carter County, Tennessee",47019,33,0,33
2021-22,Dietitian Assistant,51.3104,Dietetics and Clinical Nutrition Services,51.31,Health Professions and Related Programs,51,TCAT,Elizabethton,Main Campus,"Carter County, Tennessee",47019,16,0,16
2021-22,Licensed Practical/Vocational Nurse Training,51.3901,"Practical Nursing, Vocational Nursing and Nursing Assistants",51.39,Health Professions and Related Programs,51,TCAT,Elizabethton,Main Campus,"Carter County, Tennessee",47019,11,61,72
2021-22,Executive Assistant/Executive Secretary,52.0402,Business Operations Support and Assistant Services,52.04,"Business, Management, Marketing, and Related Support Services",52,TCAT,Elizabethton,Main Campus,"Carter County, Tennessee",47019,4,8,12
2021-22,Diesel Mechanics Technology/Technician,47.0605,Vehicle Maintenance and Repair Technologies/Technicians,47.06,Mechanic and Repair Technologies/Technicians,47,TCAT,Harriman,Loudon County Technology Center,"Loudon County, Tennessee",47105,2,6,8
2021-22,Welding Technology/Welder,48.0508,Precision Metal Working,48.05,Precision Production,48,TCAT,Harriman,Loudon County Technology Center,"Loudon County, Tennessee",47105,3,4,7
2021-22,Licensed Practical/Vocational Nurse Training,51.3901,"Practical Nursing, Vocational Nursing and Nursing Assistants",51.39,Health Professions and Related Programs,51,TCAT,Harriman,Loudon County Technology Center,"Loudon County, Tennessee",47105,4,11,15
2021-22,"Cosmetology/Cosmetologist, General",12.0401,Cosmetology and Related Personal Grooming Services,12.04,"Culinary, Entertainment, and Personal Services",12,TCAT,Harriman,Main Campus,"Roane County, Tennessee",47145,0,14,14
2021-22,"Construction Trades, Other",46.9999,"Construction Trades, Other",46.99,Construction Trades,46,TCAT,Harriman,Main Campus,"Roane County, Tennessee",47145,13,5,18
2021-22,Industrial Mechanics and Maintenance Technology/Technician,47.0303,Heavy/Industrial Equipment Maintenance Technologies/Technicians,47.03,Mechanic and Repair Technologies/Technicians,47,TCAT,Harriman,Main Campus,"Roane County, Tennessee",47145,1,7,8
2021-22,Automobile/Automotive Mechanics Technology/Technician,47.0604,Vehicle Maintenance and Repair Technologies/Technicians,47.06,Mechanic and Repair Technologies/Technicians,47,TCAT,Harriman,Main Campus,"Roane County, Tennessee",47145,1,7,8
2021-22,Diesel Mechanics Technology/Technician,47.0605,Vehicle Maintenance and Repair Technologies/Technicians,47.06,Mechanic and Repair Technologies/Technicians,47,TCAT,Harriman,Main Campus,"Roane County, Tennessee",47145,2,5,7
2021-22,Machine Tool Technology/Machinist,48.0501,Precision Metal Working,48.05,Precision Production,48,TCAT,Harriman,Main Campus,"Roane County, Tennessee",47145,3,8,11
2021-22,Welding Technology/Welder,48.0508,Precision Metal Working,48.05,Precision Production,48,TCAT,Harriman,Main Campus,"Roane County, Tennessee",47145,2,6,8
2021-22,Medical/Clinical Assistant,51.0801,Allied Health and Medical Assisting Services,51.08,Health Professions and Related Programs,51,TCAT,Harriman,Main Campus,"Roane County, Tennessee",47145,1,5,6
2021-22,Licensed Practical/Vocational Nurse Training,51.3901,"Practical Nursing, Vocational Nursing and Nursing Assistants",51.39,Health Professions and Related Programs,51,TCAT,Harriman,Main Campus,"Roane County, Tennessee",47145,12,30,42
2021-22,Executive Assistant/Executive Secretary,52.0402,Business Operations Support and Assistant Services,52.04,"Business, Management, Marketing, and Related Support Services",52,TCAT,Harriman,Main Campus,"Roane County, Tennessee",47145,2,2,4
2021-22,Building Construction Technology/Technician,46.0415,"Building/Construction Finishing, Management, and Inspection",46.04,Construction Trades,46,TCAT,Harriman,ThreeStar Extension Campus,"Roane County, Tennessee",47145,1,6,7
2021-22,Medical/Clinical Assistant,51.0801,Allied Health and Medical Assisting Services,51.08,Health Professions and Related Programs,51,TCAT,Hartsville,Macon County High School,"Macon County, Tennessee",47111,7,0,7
2021-22,Computer Support Specialist,11.1006,Computer/Information Technology Administration and Management,11.10,Computer and Information Sciences and Support Services,11,TCAT,Hartsville,Main Campus,"Trousdale County, Tennessee",47169,9,0,9
2021-22,Industrial Mechanics and Maintenance Technology/Technician,47.0303,Heavy/Industrial Equipment Maintenance Technologies/Technicians,47.03,Mechanic and Repair Technologies/Technicians,47,TCAT,Hartsville,Main Campus,"Trousdale County, Tennessee",47169,5,10,15
2021-22,Automobile/Automotive Mechanics Technology/Technician,47.0604,Vehicle Maintenance and Repair Technologies/Technicians,47.06,Mechanic and Repair Technologies/Technicians,47,TCAT,Hartsville,Main Campus,"Trousdale County, Tennessee",47169,10,13,23
2021-22,Machine Tool Technology/Machinist,48.0501,Precision Metal Working,48.05,Precision Production,48,TCAT,Hartsville,Main Campus,"Trousdale County, Tennessee",47169,3,8,11
2021-22,Welding Technology/Welder,48.0508,Precision Metal Working,48.05,Precision Production,48,TCAT,Hartsville,Main Campus,"Trousdale County, Tennessee",47169,1,17,18
2021-22,Licensed Practical/Vocational Nurse Training,51.3901,"Practical Nursing, Vocational Nursing and Nursing Assistants",51.39,Health Professions and Related Programs,51,TCAT,Hartsville,Main Campus,"Trousdale County, Tennessee",47169,0,14,14
2021-22,Nursing Assistant/Aide and Patient Care Assistant/Aide,51.3902,"Practical Nursing, Vocational Nursing and Nursing Assistants",51.39,Health Professions and Related Programs,51,TCAT,Hartsville,Main Campus,"Trousdale County, Tennessee",47169,1,0,1
2021-22,Executive Assistant/Executive Secretary,52.0402,Business Operations Support and Assistant Services,52.04,"Business, Management, Marketing, and Related Support Services",52,TCAT,Hartsville,Main Campus,"Trousdale County, Tennessee",47169,3,7,10
2021-22,Automobile/Automotive Mechanics Technology/Technician,47.0604,Vehicle Maintenance and Repair Technologies/Technicians,47.06,Mechanic and Repair Technologies/Technicians,47,TCAT,Hartsville,Tri-County Career and Technical Education Center,"Macon County, Tennessee",47111,4,0,4
2021-22,Medical/Clinical Assistant,51.0801,Allied Health and Medical Assisting Services,51.08,Health Professions and Related Programs,51,TCAT,Hartsville,Trousdale County High School,"Trousdale County, Tennessee",47169,10,0,10
2021-22,Computer Support Specialist,11.1006,Computer/Information Technology Administration and Management,11.10,Computer and Information Sciences and Support Services,11,TCAT,Hartsville,Wilson County Career and Technical Education Center,"Wilson County, Tennessee",47189,8,4,12
2021-22,Manufacturing Engineering Technology/Technician,15.0613,Industrial Production Technologies/Technicians,15.06,Engineering/Engineering-Related Technologies/Technicians,15,TCAT,Hartsville,Wilson County Career and Technical Education Center,"Wilson County, Tennessee",47189,2,3,5
2021-22,"Heating, Air Conditioning, Ventilation and Refrigeration Maintenance Technology/Technician",47.0201,"Heating, Air Conditioning, Ventilation and Refrigeration Maintenance Technology/Technician (HAC, HACR, HVAC, HVACR)",47.02,Mechanic and Repair Technologies/Technicians,47,TCAT,Hartsville,Wilson County Career and Technical Education Center,"Wilson County, Tennessee",47189,1,2,3
2021-22,Machine Tool Technology/Machinist,48.0501,Precision Metal Working,48.05,Precision Production,48,TCAT,Hartsville,Wilson County Career and Technical Education Center,"Wilson County, Tennessee",47189,1,9,10
2021-22,Welding Technology/Welder,48.0508,Precision Metal Working,48.05,Precision Production,48,TCAT,Hartsville,Wilson County Career and Technical Education Center,"Wilson County, Tennessee",47189,2,10,12
2021-22,Medical/Clinical Assistant,51.0801,Allied Health and Medical Assisting Services,51.08,Health Professions and Related Programs,51,TCAT,Hartsville,Wilson County Career and Technical Education Center,"Wilson County, Tennessee",47189,0,3,3
2021-22,Licensed Practical/Vocational Nurse Training,51.3901,"Practical Nursing, Vocational Nursing and Nursing Assistants",51.39,Health Professions and Related Programs,51,TCAT,Hartsville,Wilson County Career and Technical Education Center,"Wilson County, Tennessee",47189,7,24,31
2021-22,Building Construction Technology/Technician,46.0415,"Building/Construction Finishing, Management, and Inspection",46.04,Construction Trades,46,TCAT,Hohenwald,Columbia Central High School Instructional Service,"Maury County, Tennessee",47119,0,3,3
2021-22,Automobile/Automotive Mechanics Technology/Technician,47.0604,Vehicle Maintenance and Repair Technologies/Technicians,47.06,Mechanic and Repair Technologies/Technicians,47,TCAT,Hohenwald,Columbia Central High School Instructional Service,"Maury County, Tennessee",47119,0,1,1
2021-22,Licensed Practical/Vocational Nurse Training,51.3901,"Practical Nursing, Vocational Nursing and Nursing Assistants",51.39,Health Professions and Related Programs,51,TCAT,Hohenwald,Columbia Central High School Instructional Service,"Maury County, Tennessee",47119,0,7,7
2021-22,Industrial Mechanics and Maintenance Technology/Technician,47.0303,Heavy/Industrial Equipment Maintenance Technologies/Technicians,47.03,Mechanic and Repair Technologies/Technicians,47,TCAT,Hohenwald,Lawrence County Instructional Service Center,"Lawrence County, Tennessee",47099,0,3,3
2021-22,"Cosmetology/Cosmetologist, General",12.0401,Cosmetology and Related Personal Grooming Services,12.04,"Culinary, Entertainment, and Personal Services",12,TCAT,Hohenwald,Main Campus,"Lewis County, Tennessee",47101,3,6,9
2021-22,Aesthetician/Esthetician and Skin Care Specialist,12.0409,Cosmetology and Related Personal Grooming Services,12.04,"Culinary, Entertainment, and Personal Services",12,TCAT,Hohenwald,Main Campus,"Lewis County, Tennessee",47101,5,0,5
2021-22,Nail Technician/Specialist and Manicurist,12.0410,Cosmetology and Related Personal Grooming Services,12.04,"Culinary, Entertainment, and Personal Services",12,TCAT,Hohenwald,Main Campus,"Lewis County, Tennessee",47101,2,0,2
2021-22,Telecommunications Technology/Technician,15.0305,Electrical/Electronic Engineering Technologies/Technicians,15.03,Engineering/Engineering-Related Technologies/Technicians,15,TCAT,Hohenwald,Main Campus,"Lewis County, Tennessee",47101,0,1,1
2021-22,"Drafting and Design Technology/Technician, General",15.1301,Drafting/Design Engineering Technologies/Technicians,15.13,Engineering/Engineering-Related Technologies/Technicians,15,TCAT,Hohenwald,Main Campus,"Lewis County, Tennessee",47101,2,3,5
2021-22,Industrial Electronics Technology/Technician,47.0105,Electrical/Electronics Maintenance and Repair Technologies/Technicians,47.01,Mechanic and Repair Technologies/Technicians,47,TCAT,Hohenwald,Main Campus,"Lewis County, Tennessee",47101,4,0,4
2021-22,Industrial Mechanics and Maintenance Technology/Technician,47.0303,Heavy/Industrial Equipment Maintenance Technologies/Technicians,47.03,Mechanic and Repair Technologies/Technicians,47,TCAT,Hohenwald,Main Campus,"Lewis County, Tennessee",47101,0,2,2
2021-22,Automobile/Automotive Mechanics Technology/Technician,47.0604,Vehicle Maintenance and Repair Technologies/Technicians,47.06,Mechanic and Repair Technologies/Technicians,47,TCAT,Hohenwald,Main Campus,"Lewis County, Tennessee",47101,1,4,5
2021-22,Machine Tool Technology/Machinist,48.0501,Precision Metal Working,48.05,Precision Production,48,TCAT,Hohenwald,Main Campus,"Lewis County, Tennessee",47101,0,6,6
2021-22,Welding Technology/Welder,48.0508,Precision Metal Working,48.05,Precision Production,48,TCAT,Hohenwald,Main Campus,"Lewis County, Tennessee",47101,0,5,5
2021-22,Commercial and Advertising Art,50.0402,Design and Applied Arts,50.04,Visual and Performing Arts,50,TCAT,Hohenwald,Main Campus,"Lewis County, Tennessee",47101,2,2,4
2021-22,Medical/Clinical Assistant,51.0801,Allied Health and Medical Assisting Services,51.08,Health Professions and Related Programs,51,TCAT,Hohenwald,Main Campus,"Lewis County, Tennessee",47101,0,1,1
2021-22,Licensed Practical/Vocational Nurse Training,51.3901,"Practical Nursing, Vocational Nursing and Nursing Assistants",51.39,Health Professions and Related Programs,51,TCAT,Hohenwald,Main Campus,"Lewis County, Tennessee",47101,0,17,17
2021-22,Executive Assistant/Executive Secretary,52.0402,Business Operations Support and Assistant Services,52.04,"Business, Management, Marketing, and Related Support Services",52,TCAT,Hohenwald,Main Campus,"Lewis County, Tennessee",47101,0,10,10
2021-22,Industrial Mechanics and Maintenance Technology/Technician,47.0303,Heavy/Industrial Equipment Maintenance Technologies/Technicians,47.03,Mechanic and Repair Technologies/Technicians,47,TCAT,Hohenwald,Maury County Instructional Service Center,"Maury County, Tennessee",47119,2,2,4
2021-22,Welding Technology/Welder,48.0508,Precision Metal Working,48.05,Precision Production,48,TCAT,Hohenwald,Perry County Instructional Service Center,"Perry County, Tennessee",47135,2,2,4
2021-22,Licensed Practical/Vocational Nurse Training,51.3901,"Practical Nursing, Vocational Nursing and Nursing Assistants",51.39,Health Professions and Related Programs,51,TCAT,Hohenwald,Wayne Medical Instructional Service Center,"Wayne County, Tennessee",47181,0,9,9
2021-22,Computer Support Specialist,11.1006,Computer/Information Technology Administration and Management,11.10,Computer and Information Sciences and Support Services,11,TCAT,Jacksboro,Main Campus,"Campbell County, Tennessee",47013,5,7,12
2021-22,"Cosmetology/Cosmetologist, General",12.0401,Cosmetology and Related Personal Grooming Services,12.04,"Culinary, Entertainment, and Personal Services",12,TCAT,Jacksboro,Main Campus,"Campbell County, Tennessee",47013,1,12,13
2021-22,Manufacturing Engineering Technology/Technician,15.0613,Industrial Production Technologies/Technicians,15.06,Engineering/Engineering-Related Technologies/Technicians,15,TCAT,Jacksboro,Main Campus,"Campbell County, Tennessee",47013,1,1,2
2021-22,Building Construction Technology/Technician,46.0415,"Building/Construction Finishing, Management, and Inspection",46.04,Construction Trades,46,TCAT,Jacksboro,Main Campus,"Campbell County, Tennessee",47013,2,0,2
2021-22,"Construction Trades, Other",46.9999,"Construction Trades, Other",46.99,Construction Trades,46,TCAT,Jacksboro,Main Campus,"Campbell County, Tennessee",47013,4,8,12
2021-22,"Heating, Air Conditioning, Ventilation and Refrigeration Maintenance Technology/Technician",47.0201,"Heating, Air Conditioning, Ventilation and Refrigeration Maintenance Technology/Technician (HAC, HACR, HVAC, HVACR)",47.02,Mechanic and Repair Technologies/Technicians,47,TCAT,Jacksboro,Main Campus,"Campbell County, Tennessee",47013,0,12,12
2021-22,Automobile/Automotive Mechanics Technology/Technician,47.0604,Vehicle Maintenance and Repair Technologies/Technicians,47.06,Mechanic and Repair Technologies/Technicians,47,TCAT,Jacksboro,Main Campus,"Campbell County, Tennessee",47013,7,4,11
2021-22,Motorcycle Maintenance and Repair Technology/Technician,47.0611,Vehicle Maintenance and Repair Technologies/Technicians,47.06,Mechanic and Repair Technologies/Technicians,47,TCAT,Jacksboro,Main Campus,"Campbell County, Tennessee",47013,3,5,8
2021-22,Machine Tool Technology/Machinist,48.0501,Precision Metal Working,48.05,Precision Production,48,TCAT,Jacksboro,Main Campus,"Campbell County, Tennessee",47013,0,7,7
2021-22,Welding Technology/Welder,48.0508,Precision Metal Working,48.05,Precision Production,48,TCAT,Jacksboro,Main Campus,"Campbell County, Tennessee",47013,4,16,20
2021-22,Pharmacy Technician/Assistant,51.0805,Allied Health and Medical Assisting Services,51.08,Health Professions and Related Programs,51,TCAT,Jacksboro,Main Campus,"Campbell County, Tennessee",47013,0,13,13
2021-22,Licensed Practical/Vocational Nurse Training,51.3901,"Practical Nursing, Vocational Nursing and Nursing Assistants",51.39,Health Professions and Related Programs,51,TCAT,Jacksboro,Main Campus,"Campbell County, Tennessee",47013,0,41,41
2021-22,Executive Assistant/Executive Secretary,52.0402,Business Operations Support and Assistant Services,52.04,"Business, Management, Marketing, and Related Support Services",52,TCAT,Jacksboro,Main Campus,"Campbell County, Tennessee",47013,0,4,4
2021-22,Hotel/Motel Administration/Management,52.0904,Hospitality Administration/Management,52.09,"Business, Management, Marketing, and Related Support Services",52,TCAT,Jacksboro,Main Campus,"Campbell County, Tennessee",47013,0,1,1
2021-22,Machine Tool Technology/Machinist,48.0501,Precision Metal Working,48.05,Precision Production,48,TCAT,Jackson,Brownsville/Haywood Extension Campus,"Haywood County, Tennessee",47075,0,1,1
2021-22,Health Information/Medical Records Technology/Technician,51.0707,Health and Medical Administrative Services,51.07,Health Professions and Related Programs,51,TCAT,Jackson,Brownsville/Haywood Extension Campus,"Haywood County, Tennessee",47075,0,7,7
2021-22,Licensed Practical/Vocational Nurse Training,51.3901,"Practical Nursing, Vocational Nursing and Nursing Assistants",51.39,Health Professions and Related Programs,51,TCAT,Jackson,Brownsville/Haywood Extension Campus,"Haywood County, Tennessee",47075,6,17,23
2021-22,Licensed Practical/Vocational Nurse Training,51.3901,"Practical Nursing, Vocational Nursing and Nursing Assistants",51.39,Health Professions and Related Programs,51,TCAT,Jackson,Henderson/Chester County Instructional Service Cen,"Chester County, Tennessee",47023,3,18,21
2021-22,Licensed Practical/Vocational Nurse Training,51.3901,"Practical Nursing, Vocational Nursing and Nursing Assistants",51.39,Health Professions and Related Programs,51,TCAT,Jackson,Humboldt Higher Education Instructional Service Ce,"Crockett County, Tennessee",47033,3,14,17
2021-22,Computer Support Specialist,11.1006,Computer/Information Technology Administration and Management,11.10,Computer and Information Sciences and Support Services,11,TCAT,Jackson,Lexington Extension Campus,"Henderson County, Tennessee",47077,1,2,3
2021-22,Electrician,46.0302,Electrical and Power Transmission Installers,46.03,Construction Trades,46,TCAT,Jackson,Lexington Extension Campus,"Henderson County, Tennessee",47077,1,18,19
2021-22,Machine Tool Technology/Machinist,48.0501,Precision Metal Working,48.05,Precision Production,48,TCAT,Jackson,Lexington Extension Campus,"Henderson County, Tennessee",47077,1,6,7
2021-22,Welding Technology/Welder,48.0508,Precision Metal Working,48.05,Precision Production,48,TCAT,Jackson,Lexington Extension Campus,"Henderson County, Tennessee",47077,5,12,17
2021-22,Licensed Practical/Vocational Nurse Training,51.3901,"Practical Nursing, Vocational Nursing and Nursing Assistants",51.39,Health Professions and Related Programs,51,TCAT,Jackson,Lexington Extension Campus,"Henderson County, Tennessee",47077,2,14,16
2021-22,Executive Assistant/Executive Secretary,52.0402,Business Operations Support and Assistant Services,52.04,"Business, Management, Marketing, and Related Support Services",52,TCAT,Jackson,Lexington Extension Campus,"Henderson County, Tennessee",47077,1,1,2
2021-22,Business/Office Automation/Technology/Data Entry,52.0407,Business Operations Support and Assistant Services,52.04,"Business, Management, Marketing, and Related Support Services",52,TCAT,Jackson,Lexington Extension Campus,"Henderson County, Tennessee",47077,4,5,9
2021-22,Hotel/Motel Administration/Management,52.0904,Hospitality Administration/Management,52.09,"Business, Management, Marketing, and Related Support Services",52,TCAT,Jackson,Lexington Extension Campus,"Henderson County, Tennessee",47077,0,3,3
2021-22,Computer Support Specialist,11.1006,Computer/Information Technology Administration and Management,11.10,Computer and Information Sciences and Support Services,11,TCAT,Jackson,Main Campus,"Madison County, Tennessee",47113,15,1,16
2021-22,"Drafting and Design Technology/Technician, General",15.1301,Drafting/Design Engineering Technologies/Technicians,15.13,Engineering/Engineering-Related Technologies/Technicians,15,TCAT,Jackson,Main Campus,"Madison County, Tennessee",47113,2,6,8
2021-22,Electrician,46.0302,Electrical and Power Transmission Installers,46.03,Construction Trades,46,TCAT,Jackson,Main Campus,"Madison County, Tennessee",47113,3,0,3
2021-22,"Heating, Air Conditioning, Ventilation and Refrigeration Maintenance Technology/Technician",47.0201,"Heating, Air Conditioning, Ventilation and Refrigeration Maintenance Technology/Technician (HAC, HACR, HVAC, HVACR)",47.02,Mechanic and Repair Technologies/Technicians,47,TCAT,Jackson,Main Campus,"Madison County, Tennessee",47113,6,23,29
2021-22,Industrial Mechanics and Maintenance Technology/Technician,47.0303,Heavy/Industrial Equipment Maintenance Technologies/Technicians,47.03,Mechanic and Repair Technologies/Technicians,47,TCAT,Jackson,Main Campus,"Madison County, Tennessee",47113,2,15,17
2021-22,Autobody/Collision and Repair Technology/Technician,47.0603,Vehicle Maintenance and Repair Technologies/Technicians,47.06,Mechanic and Repair Technologies/Technicians,47,TCAT,Jackson,Main Campus,"Madison County, Tennessee",47113,5,5,10
2021-22,Automobile/Automotive Mechanics Technology/Technician,47.0604,Vehicle Maintenance and Repair Technologies/Technicians,47.06,Mechanic and Repair Technologies/Technicians,47,TCAT,Jackson,Main Campus,"Madison County, Tennessee",47113,5,11,16
2021-22,Welding Technology/Welder,48.0508,Precision Metal Working,48.05,Precision Production,48,TCAT,Jackson,Main Campus,"Madison County, Tennessee",47113,13,12,25
2021-22,Truck and Bus Driver/Commercial Vehicle Operator and Instructor,49.0205,Ground Transportation,49.02,Transportation and Materials Moving,49,TCAT,Jackson,Main Campus,"Madison County, Tennessee",47113,56,0,56
2021-22,Health Information/Medical Records Technology/Technician,51.0707,Health and Medical Administrative Services,51.07,Health Professions and Related Programs,51,TCAT,Jackson,Main Campus,"Madison County, Tennessee",47113,2,5,7
2021-22,Surgical Technology/Technologist,51.0909,"Allied Health Diagnostic, Intervention, and Treatment Professions",51.09,Health Professions and Related Programs,51,TCAT,Jackson,Main Campus,"Madison County, Tennessee",47113,0,9,9
2021-22,Licensed Practical/Vocational Nurse Training,51.3901,"Practical Nursing, Vocational Nursing and Nursing Assistants",51.39,Health Professions and Related Programs,51,TCAT,Jackson,Main Campus,"Madison County, Tennessee",47113,3,13,16
2021-22,Executive Assistant/Executive Secretary,52.0402,Business Operations Support and Assistant Services,52.04,"Business, Management, Marketing, and Related Support Services",52,TCAT,Jackson,Main Campus,"Madison County, Tennessee",47113,1,5,6
2021-22,Tool and Die Technology/Technician,48.0507,Precision Metal Working,48.05,Precision Production,48,TCAT,Jackson,McWherter Instructional Service Center,"Madison County, Tennessee",47113,2,6,8
2021-22,Computer Support Specialist,11.1006,Computer/Information Technology Administration and Management,11.10,Computer and Information Sciences and Support Services,11,TCAT,Jackson,TCAT Jackson - Whiteville Branch Campus,"Hardeman County, Tennessee",47069,2,2,4
2021-22,"Heating, Air Conditioning, Ventilation and Refrigeration Maintenance Technology/Technician",47.0201,"Heating, Air Conditioning, Ventilation and Refrigeration Maintenance Technology/Technician (HAC, HACR, HVAC, HVACR)",47.02,Mechanic and Repair Technologies/Technicians,47,TCAT,Jackson,TCAT Jackson - Whiteville Branch Campus,"Hardeman County, Tennessee",47069,1,8,9
2021-22,Industrial Mechanics and Maintenance Technology/Technician,47.0303,Heavy/Industrial Equipment Maintenance Technologies/Technicians,47.03,Mechanic and Repair Technologies/Technicians,47,TCAT,Jackson,TCAT Jackson - Whiteville Branch Campus,"Hardeman County, Tennessee",47069,1,6,7
2021-22,Automobile/Automotive Mechanics Technology/Technician,47.0604,Vehicle Maintenance and Repair Technologies/Technicians,47.06,Mechanic and Repair Technologies/Technicians,47,TCAT,Jackson,TCAT Jackson - Whiteville Branch Campus,"Hardeman County, Tennessee",47069,3,3,6
2021-22,Welding Technology/Welder,48.0508,Precision Metal Working,48.05,Precision Production,48,TCAT,Jackson,TCAT Jackson - Whiteville Branch Campus,"Hardeman County, Tennessee",47069,5,6,11
2021-22,Medical/Clinical Assistant,51.0801,Allied Health and Medical Assisting Services,51.08,Health Professions and Related Programs,51,TCAT,Jackson,TCAT Jackson - Whiteville Branch Campus,"Hardeman County, Tennessee",47069,2,9,11
2021-22,Licensed Practical/Vocational Nurse Training,51.3901,"Practical Nursing, Vocational Nursing and Nursing Assistants",51.39,Health Professions and Related Programs,51,TCAT,Jackson,TCAT Jackson - Whiteville Branch Campus,"Hardeman County, Tennessee",47069,0,6,6
2021-22,Machine Tool Technology/Machinist,48.0501,Precision Metal Working,48.05,Precision Production,48,TCAT,Knoxville,Anderson County Career and Technical Center,"Anderson County, Tennessee",47001,0,4,4
2021-22,Welding Technology/Welder,48.0508,Precision Metal Working,48.05,Precision Production,48,TCAT,Knoxville,Anderson County Career and Technical Center,"Anderson County, Tennessee",47001,0,2,2
2021-22,Industrial Mechanics and Maintenance Technology/Technician,47.0303,Heavy/Industrial Equipment Maintenance Technologies/Technicians,47.03,Mechanic and Repair Technologies/Technicians,47,TCAT,Knoxville,Anderson County Higher Education Center Extension,"Anderson County, Tennessee",47001,0,1,1
2021-22,Automobile/Automotive Mechanics Technology/Technician,47.0604,Vehicle Maintenance and Repair Technologies/Technicians,47.06,Mechanic and Repair Technologies/Technicians,47,TCAT,Knoxville,Anderson County Higher Education Center Extension,"Anderson County, Tennessee",47001,3,0,3
2021-22,Diesel Mechanics Technology/Technician,47.0605,Vehicle Maintenance and Repair Technologies/Technicians,47.06,Mechanic and Repair Technologies/Technicians,47,TCAT,Knoxville,Anderson County Higher Education Center Extension,"Anderson County, Tennessee",47001,2,0,2
2021-22,Welding Technology/Welder,48.0508,Precision Metal Working,48.05,Precision Production,48,TCAT,Knoxville,Anderson County Higher Education Center Extension,"Anderson County, Tennessee",47001,9,6,15
2021-22,Licensed Practical/Vocational Nurse Training,51.3901,"Practical Nursing, Vocational Nursing and Nursing Assistants",51.39,Health Professions and Related Programs,51,TCAT,Knoxville,Blount Memorial Hospital,"Blount County, Tennessee",47009,0,13,13
2021-22,Computer Support Specialist,11.1006,Computer/Information Technology Administration and Management,11.10,Computer and Information Sciences and Support Services,11,TCAT,Knoxville,Main Campus,"Knox County, Tennessee",47093,3,9,12
2021-22,"Cosmetology/Cosmetologist, General",12.0401,Cosmetology and Related Personal Grooming Services,12.04,"Culinary, Entertainment, and Personal Services",12,TCAT,Knoxville,Main Campus,"Knox County, Tennessee",47093,0,30,30
2021-22,Electrician,46.0302,Electrical and Power Transmission Installers,46.03,Construction Trades,46,TCAT,Knoxville,Main Campus,"Knox County, Tennessee",47093,16,22,38
2021-22,Pipefitting/Pipefitter and Sprinkler Fitter,46.0502,Plumbing and Related Water Supply Services,46.05,Construction Trades,46,TCAT,Knoxville,Main Campus,"Knox County, Tennessee",47093,3,10,13
2021-22,"Heating, Air Conditioning, Ventilation and Refrigeration Maintenance Technology/Technician",47.0201,"Heating, Air Conditioning, Ventilation and Refrigeration Maintenance Technology/Technician (HAC, HACR, HVAC, HVACR)",47.02,Mechanic and Repair Technologies/Technicians,47,TCAT,Knoxville,Main Campus,"Knox County, Tennessee",47093,7,25,32
2021-22,Autobody/Collision and Repair Technology/Technician,47.0603,Vehicle Maintenance and Repair Technologies/Technicians,47.06,Mechanic and Repair Technologies/Technicians,47,TCAT,Knoxville,Main Campus,"Knox County, Tennessee",47093,1,18,19
2021-22,Automobile/Automotive Mechanics Technology/Technician,47.0604,Vehicle Maintenance and Repair Technologies/Technicians,47.06,Mechanic and Repair Technologies/Technicians,47,TCAT,Knoxville,Main Campus,"Knox County, Tennessee",47093,8,3,11
2021-22,Diesel Mechanics Technology/Technician,47.0605,Vehicle Maintenance and Repair Technologies/Technicians,47.06,Mechanic and Repair Technologies/Technicians,47,TCAT,Knoxville,Main Campus,"Knox County, Tennessee",47093,9,16,25
2021-22,Machine Tool Technology/Machinist,48.0501,Precision Metal Working,48.05,Precision Production,48,TCAT,Knoxville,Main Campus,"Knox County, Tennessee",47093,1,9,10
2021-22,Welding Technology/Welder,48.0508,Precision Metal Working,48.05,Precision Production,48,TCAT,Knoxville,Main Campus,"Knox County, Tennessee",47093,10,30,40
2021-22,Truck and Bus Driver/Commercial Vehicle Operator and Instructor,49.0205,Ground Transportation,49.02,Transportation and Materials Moving,49,TCAT,Knoxville,Main Campus,"Knox County, Tennessee",47093,35,0,35
2021-22,Dental Assisting/Assistant,51.0601,Dental Support Services and Allied Professions,51.06,Health Professions and Related Programs,51,TCAT,Knoxville,Main Campus,"Knox County, Tennessee",47093,2,15,17
2021-22,Medical Office Assistant/Specialist,51.0710,Health and Medical Administrative Services,51.07,Health Professions and Related Programs,51,TCAT,Knoxville,Main Campus,"Knox County, Tennessee",47093,5,17,22
2021-22,Medical/Clinical Assistant,51.0801,Allied Health and Medical Assisting Services,51.08,Health Professions and Related Programs,51,TCAT,Knoxville,Main Campus,"Knox County, Tennessee",47093,0,6,6
2021-22,Surgical Technology/Technologist,51.0909,"Allied Health Diagnostic, Intervention, and Treatment Professions",51.09,Health Professions and Related Programs,51,TCAT,Knoxville,Main Campus,"Knox County, Tennessee",47093,0,25,25
2021-22,Licensed Practical/Vocational Nurse Training,51.3901,"Practical Nursing, Vocational Nursing and Nursing Assistants",51.39,Health Professions and Related Programs,51,TCAT,Knoxville,Main Campus,"Knox County, Tennessee",47093,0,102,102
2021-22,Nursing Assistant/Aide and Patient Care Assistant/Aide,51.3902,"Practical Nursing, Vocational Nursing and Nursing Assistants",51.39,Health Professions and Related Programs,51,TCAT,Knoxville,Main Campus,"Knox County, Tennessee",47093,40,0,40
2021-22,Executive Assistant/Executive Secretary,52.0402,Business Operations Support and Assistant Services,52.04,"Business, Management, Marketing, and Related Support Services",52,TCAT,Knoxville,Main Campus,"Knox County, Tennessee",47093,4,7,11
2021-22,Welding Technology/Welder,48.0508,Precision Metal Working,48.05,Precision Production,48,TCAT,Knoxville,Oak Ridge High School,"Anderson County, Tennessee",47001,4,10,14
2021-22,"Heating, Air Conditioning, Ventilation and Refrigeration Maintenance Technology/Technician",47.0201,"Heating, Air Conditioning, Ventilation and Refrigeration Maintenance Technology/Technician (HAC, HACR, HVAC, HVACR)",47.02,Mechanic and Repair Technologies/Technicians,47,TCAT,Knoxville,Pellissippi State Community College -Strawberry Pl,"Knox County, Tennessee",47093,3,11,14
2021-22,Industrial Mechanics and Maintenance Technology/Technician,47.0303,Heavy/Industrial Equipment Maintenance Technologies/Technicians,47.03,Mechanic and Repair Technologies/Technicians,47,TCAT,Knoxville,Pellissippi State Community College -Strawberry Pl,"Knox County, Tennessee",47093,0,15,15
2021-22,Industrial Mechanics and Maintenance Technology/Technician,47.0303,Heavy/Industrial Equipment Maintenance Technologies/Technicians,47.03,Mechanic and Repair Technologies/Technicians,47,TCAT,Livingston,Cookeville Higher Education Campus,"Putnam County, Tennessee",47141,3,7,10
2021-22,Welding Technology/Welder,48.0508,Precision Metal Working,48.05,Precision Production,48,TCAT,Livingston,Cookeville Higher Education Campus,"Putnam County, Tennessee",47141,1,14,15
2021-22,Medical/Clinical Assistant,51.0801,Allied Health and Medical Assisting Services,51.08,Health Professions and Related Programs,51,TCAT,Livingston,Cookeville Higher Education Campus,"Putnam County, Tennessee",47141,3,9,12
2021-22,Licensed Practical/Vocational Nurse Training,51.3901,"Practical Nursing, Vocational Nursing and Nursing Assistants",51.39,Health Professions and Related Programs,51,TCAT,Livingston,Cookeville Higher Education Campus,"Putnam County, Tennessee",47141,0,14,14
2021-22,Diesel Mechanics Technology/Technician,47.0605,Vehicle Maintenance and Repair Technologies/Technicians,47.06,Mechanic and Repair Technologies/Technicians,47,TCAT,Livingston,Fitzgerald Collision and  Repair Center  ,"Overton County, Tennessee",47133,0,1,1
2021-22,"Electrical and Power Transmission Installation/Installer, General",46.0301,Electrical and Power Transmission Installers,46.03,Construction Trades,46,TCAT,Livingston,Jackson County ISC,"Jackson County, Tennessee",47087,11,0,11
2021-22,"Heating, Air Conditioning, Ventilation and Refrigeration Maintenance Technology/Technician",47.0201,"Heating, Air Conditioning, Ventilation and Refrigeration Maintenance Technology/Technician (HAC, HACR, HVAC, HVACR)",47.02,Mechanic and Repair Technologies/Technicians,47,TCAT,Livingston,Jackson County ISC,"Jackson County, Tennessee",47087,4,1,5
2021-22,Emergency Medical Technology/Technician (EMT Paramedic),51.0904,"Allied Health Diagnostic, Intervention, and Treatment Professions",51.09,Health Professions and Related Programs,51,TCAT,Livingston,Jackson County ISC,"Jackson County, Tennessee",47087,8,0,8
2021-22,Information Technology,11.0103,"Computer and Information Sciences, General",11.01,Computer and Information Sciences and Support Services,11,TCAT,Livingston,Main Campus,"Overton County, Tennessee",47133,2,7,9
2021-22,"Cosmetology/Cosmetologist, General",12.0401,Cosmetology and Related Personal Grooming Services,12.04,"Culinary, Entertainment, and Personal Services",12,TCAT,Livingston,Main Campus,"Overton County, Tennessee",47133,0,26,26
2021-22,Nail Technician/Specialist and Manicurist,12.0410,Cosmetology and Related Personal Grooming Services,12.04,"Culinary, Entertainment, and Personal Services",12,TCAT,Livingston,Main Campus,"Overton County, Tennessee",47133,11,0,11
2021-22,Building Construction Technology/Technician,46.0415,"Building/Construction Finishing, Management, and Inspection",46.04,Construction Trades,46,TCAT,Livingston,Main Campus,"Overton County, Tennessee",47133,0,12,12
2021-22,Industrial Mechanics and Maintenance Technology/Technician,47.0303,Heavy/Industrial Equipment Maintenance Technologies/Technicians,47.03,Mechanic and Repair Technologies/Technicians,47,TCAT,Livingston,Main Campus,"Overton County, Tennessee",47133,1,13,14
2021-22,Automobile/Automotive Mechanics Technology/Technician,47.0604,Vehicle Maintenance and Repair Technologies/Technicians,47.06,Mechanic and Repair Technologies/Technicians,47,TCAT,Livingston,Main Campus,"Overton County, Tennessee",47133,6,3,9
2021-22,Diesel Mechanics Technology/Technician,47.0605,Vehicle Maintenance and Repair Technologies/Technicians,47.06,Mechanic and Repair Technologies/Technicians,47,TCAT,Livingston,Main Campus,"Overton County, Tennessee",47133,1,3,4
2021-22,Machine Tool Technology/Machinist,48.0501,Precision Metal Working,48.05,Precision Production,48,TCAT,Livingston,Main Campus,"Overton County, Tennessee",47133,0,2,2
2021-22,Welding Technology/Welder,48.0508,Precision Metal Working,48.05,Precision Production,48,TCAT,Livingston,Main Campus,"Overton County, Tennessee",47133,0,13,13
2021-22,Pharmacy Technician/Assistant,51.0805,Allied Health and Medical Assisting Services,51.08,Health Professions and Related Programs,51,TCAT,Livingston,Main Campus,"Overton County, Tennessee",47133,0,13,13
2021-22,Emergency Medical Technology/Technician (EMT Paramedic),51.0904,"Allied Health Diagnostic, Intervention, and Treatment Professions",51.09,Health Professions and Related Programs,51,TCAT,Livingston,Main Campus,"Overton County, Tennessee",47133,13,0,13
2021-22,Licensed Practical/Vocational Nurse Training,51.3901,"Practical Nursing, Vocational Nursing and Nursing Assistants",51.39,Health Professions and Related Programs,51,TCAT,Livingston,Main Campus,"Overton County, Tennessee",47133,0,43,43
2021-22,Executive Assistant/Executive Secretary,52.0402,Business Operations Support and Assistant Services,52.04,"Business, Management, Marketing, and Related Support Services",52,TCAT,Livingston,Main Campus,"Overton County, Tennessee",47133,4,9,13
2021-22,Computer Systems Networking and Telecommunications,11.0901,Computer Systems Networking and Telecommunications,11.09,Computer and Information Sciences and Support Services,11,TCAT,McKenzie,Main Campus,"Carroll County, Tennessee",47017,6,1,7
2021-22,"Heating, Air Conditioning, Ventilation and Refrigeration Maintenance Technology/Technician",47.0201,"Heating, Air Conditioning, Ventilation and Refrigeration Maintenance Technology/Technician (HAC, HACR, HVAC, HVACR)",47.02,Mechanic and Repair Technologies/Technicians,47,TCAT,McKenzie,Main Campus,"Carroll County, Tennessee",47017,4,3,7
2021-22,Industrial Mechanics and Maintenance Technology/Technician,47.0303,Heavy/Industrial Equipment Maintenance Technologies/Technicians,47.03,Mechanic and Repair Technologies/Technicians,47,TCAT,McKenzie,Main Campus,"Carroll County, Tennessee",47017,6,6,12
2021-22,Automobile/Automotive Mechanics Technology/Technician,47.0604,Vehicle Maintenance and Repair Technologies/Technicians,47.06,Mechanic and Repair Technologies/Technicians,47,TCAT,McKenzie,Main Campus,"Carroll County, Tennessee",47017,1,3,4
2021-22,Machine Tool Technology/Machinist,48.0501,Precision Metal Working,48.05,Precision Production,48,TCAT,McKenzie,Main Campus,"Carroll County, Tennessee",47017,1,4,5
2021-22,Welding Technology/Welder,48.0508,Precision Metal Working,48.05,Precision Production,48,TCAT,McKenzie,Main Campus,"Carroll County, Tennessee",47017,2,16,18
2021-22,Executive Assistant/Executive Secretary,52.0402,Business Operations Support and Assistant Services,52.04,"Business, Management, Marketing, and Related Support Services",52,TCAT,McKenzie,Main Campus,"Carroll County, Tennessee",47017,1,6,7
2021-22,Welding Technology/Welder,48.0508,Precision Metal Working,48.05,Precision Production,48,TCAT,McKenzie,Weakley County Center for Adults,"Weakley County, Tennessee",47183,2,7,9
2021-22,Computer Support Specialist,11.1006,Computer/Information Technology Administration and Management,11.10,Computer and Information Sciences and Support Services,11,TCAT,McMinnville,Main Campus,"Warren County, Tennessee",47177,1,10,11
2021-22,"Cosmetology/Cosmetologist, General",12.0401,Cosmetology and Related Personal Grooming Services,12.04,"Culinary, Entertainment, and Personal Services",12,TCAT,McMinnville,Main Campus,"Warren County, Tennessee",47177,0,16,16
2021-22,Electrician,46.0302,Electrical and Power Transmission Installers,46.03,Construction Trades,46,TCAT,McMinnville,Main Campus,"Warren County, Tennessee",47177,0,20,20
2021-22,Industrial Mechanics and Maintenance Technology/Technician,47.0303,Heavy/Industrial Equipment Maintenance Technologies/Technicians,47.03,Mechanic and Repair Technologies/Technicians,47,TCAT,McMinnville,Main Campus,"Warren County, Tennessee",47177,4,29,33
2021-22,Automobile/Automotive Mechanics Technology/Technician,47.0604,Vehicle Maintenance and Repair Technologies/Technicians,47.06,Mechanic and Repair Technologies/Technicians,47,TCAT,McMinnville,Main Campus,"Warren County, Tennessee",47177,4,7,11
2021-22,Machine Tool Technology/Machinist,48.0501,Precision Metal Working,48.05,Precision Production,48,TCAT,McMinnville,Main Campus,"Warren County, Tennessee",47177,0,18,18
2021-22,Welding Technology/Welder,48.0508,Precision Metal Working,48.05,Precision Production,48,TCAT,McMinnville,Main Campus,"Warren County, Tennessee",47177,4,21,25
2021-22,Licensed Practical/Vocational Nurse Training,51.3901,"Practical Nursing, Vocational Nursing and Nursing Assistants",51.39,Health Professions and Related Programs,51,TCAT,McMinnville,Main Campus,"Warren County, Tennessee",47177,1,30,31
2021-22,Industrial Mechanics and Maintenance Technology/Technician,47.0303,Heavy/Industrial Equipment Maintenance Technologies/Technicians,47.03,Mechanic and Repair Technologies/Technicians,47,TCAT,McMinnville,VIAM Manufacturing Inc.,"Coffee County, Tennessee",47031,2,9,11
2021-22,Veterinary/Animal Health Technology/Technician and Veterinary Assistant,01.8301,Veterinary/Animal Health Technologies/Technicians,01.83,Agricultural/Animal/Plant/Veterinary Science and Related Fields,01,TCAT,Memphis,Main Campus,"Shelby County, Tennessee",47157,2,16,18
2021-22,Computer Support Specialist,11.1006,Computer/Information Technology Administration and Management,11.10,Computer and Information Sciences and Support Services,11,TCAT,Memphis,Main Campus,"Shelby County, Tennessee",47157,1,11,12
2021-22,"Cosmetology/Cosmetologist, General",12.0401,Cosmetology and Related Personal Grooming Services,12.04,"Culinary, Entertainment, and Personal Services",12,TCAT,Memphis,Main Campus,"Shelby County, Tennessee",47157,7,21,28
2021-22,Barbering/Barber,12.0402,Cosmetology and Related Personal Grooming Services,12.04,"Culinary, Entertainment, and Personal Services",12,TCAT,Memphis,Main Campus,"Shelby County, Tennessee",47157,1,23,24
2021-22,"Drafting and Design Technology/Technician, General",15.1301,Drafting/Design Engineering Technologies/Technicians,15.13,Engineering/Engineering-Related Technologies/Technicians,15,TCAT,Memphis,Main Campus,"Shelby County, Tennessee",47157,5,6,11
2021-22,Building Construction Technology/Technician,46.0415,"Building/Construction Finishing, Management, and Inspection",46.04,Construction Trades,46,TCAT,Memphis,Main Campus,"Shelby County, Tennessee",47157,1,6,7
2021-22,Industrial Electronics Technology/Technician,47.0105,Electrical/Electronics Maintenance and Repair Technologies/Technicians,47.01,Mechanic and Repair Technologies/Technicians,47,TCAT,Memphis,Main Campus,"Shelby County, Tennessee",47157,1,11,12
2021-22,"Heating, Air Conditioning, Ventilation and Refrigeration Maintenance Technology/Technician",47.0201,"Heating, Air Conditioning, Ventilation and Refrigeration Maintenance Technology/Technician (HAC, HACR, HVAC, HVACR)",47.02,Mechanic and Repair Technologies/Technicians,47,TCAT,Memphis,Main Campus,"Shelby County, Tennessee",47157,4,19,23
2021-22,Industrial Mechanics and Maintenance Technology/Technician,47.0303,Heavy/Industrial Equipment Maintenance Technologies/Technicians,47.03,Mechanic and Repair Technologies/Technicians,47,TCAT,Memphis,Main Campus,"Shelby County, Tennessee",47157,0,11,11
2021-22,Autobody/Collision and Repair Technology/Technician,47.0603,Vehicle Maintenance and Repair Technologies/Technicians,47.06,Mechanic and Repair Technologies/Technicians,47,TCAT,Memphis,Main Campus,"Shelby County, Tennessee",47157,4,12,16
2021-22,Automobile/Automotive Mechanics Technology/Technician,47.0604,Vehicle Maintenance and Repair Technologies/Technicians,47.06,Mechanic and Repair Technologies/Technicians,47,TCAT,Memphis,Main Campus,"Shelby County, Tennessee",47157,3,7,10
2021-22,Diesel Mechanics Technology/Technician,47.0605,Vehicle Maintenance and Repair Technologies/Technicians,47.06,Mechanic and Repair Technologies/Technicians,47,TCAT,Memphis,Main Campus,"Shelby County, Tennessee",47157,0,8,8
2021-22,Airframe Mechanics and Aircraft Maintenance Technology/Technician,47.0607,Vehicle Maintenance and Repair Technologies/Technicians,47.06,Mechanic and Repair Technologies/Technicians,47,TCAT,Memphis,Main Campus,"Shelby County, Tennessee",47157,0,2,2
2021-22,Machine Tool Technology/Machinist,48.0501,Precision Metal Working,48.05,Precision Production,48,TCAT,Memphis,Main Campus,"Shelby County, Tennessee",47157,4,9,13
2021-22,Welding Technology/Welder,48.0508,Precision Metal Working,48.05,Precision Production,48,TCAT,Memphis,Main Campus,"Shelby County, Tennessee",47157,1,18,19
2021-22,Truck and Bus Driver/Commercial Vehicle Operator and Instructor,49.0205,Ground Transportation,49.02,Transportation and Materials Moving,49,TCAT,Memphis,Main Campus,"Shelby County, Tennessee",47157,46,0,46
2021-22,Commercial and Advertising Art,50.0402,Design and Applied Arts,50.04,Visual and Performing Arts,50,TCAT,Memphis,Main Campus,"Shelby County, Tennessee",47157,4,12,16
2021-22,Dental Assisting/Assistant,51.0601,Dental Support Services and Allied Professions,51.06,Health Professions and Related Programs,51,TCAT,Memphis,Main Campus,"Shelby County, Tennessee",47157,0,20,20
2021-22,Dental Laboratory Technology/Technician,51.0603,Dental Support Services and Allied Professions,51.06,Health Professions and Related Programs,51,TCAT,Memphis,Main Campus,"Shelby County, Tennessee",47157,2,2,4
2021-22,Pharmacy Technician/Assistant,51.0805,Allied Health and Medical Assisting Services,51.08,Health Professions and Related Programs,51,TCAT,Memphis,Main Campus,"Shelby County, Tennessee",47157,0,7,7
2021-22,Licensed Practical/Vocational Nurse Training,51.3901,"Practical Nursing, Vocational Nursing and Nursing Assistants",51.39,Health Professions and Related Programs,51,TCAT,Memphis,Main Campus,"Shelby County, Tennessee",47157,10,14,24
2021-22,Executive Assistant/Executive Secretary,52.0402,Business Operations Support and Assistant Services,52.04,"Business, Management, Marketing, and Related Support Services",52,TCAT,Memphis,Main Campus,"Shelby County, Tennessee",47157,8,6,14
2021-22,Airframe Mechanics and Aircraft Maintenance Technology/Technician,47.0607,Vehicle Maintenance and Repair Technologies/Technicians,47.06,Mechanic and Repair Technologies/Technicians,47,TCAT,Memphis,Memphis International Airport,"Shelby County, Tennessee",47157,0,33,33
2021-22,Avionics Maintenance Technology/Technician,47.0609,Vehicle Maintenance and Repair Technologies/Technicians,47.06,Mechanic and Repair Technologies/Technicians,47,TCAT,Memphis,Memphis International Airport,"Shelby County, Tennessee",47157,0,15,15
2021-22,Machine Tool Technology/Machinist,48.0501,Precision Metal Working,48.05,Precision Production,48,TCAT,Memphis,TCAT Memphis Bartlett Extension Campus ,"Shelby County, Tennessee",47157,1,2,3
2021-22,Welding Technology/Welder,48.0508,Precision Metal Working,48.05,Precision Production,48,TCAT,Memphis,TCAT Memphis Bartlett Extension Campus ,"Shelby County, Tennessee",47157,1,0,1
2021-22,Airframe Mechanics and Aircraft Maintenance Technology/Technician,47.0607,Vehicle Maintenance and Repair Technologies/Technicians,47.06,Mechanic and Repair Technologies/Technicians,47,TCAT,Morristown,Airport Extension ,"Hamblen County, Tennessee",47063,0,14,14
2021-22,"Cosmetology/Cosmetologist, General",12.0401,Cosmetology and Related Personal Grooming Services,12.04,"Culinary, Entertainment, and Personal Services",12,TCAT,Morristown,Greene County Instructional Service Center,"Greene County, Tennessee",47059,0,3,3
2021-22,Electrician,46.0302,Electrical and Power Transmission Installers,46.03,Construction Trades,46,TCAT,Morristown,Greene County Instructional Service Center,"Greene County, Tennessee",47059,1,2,3
2021-22,"Cosmetology/Cosmetologist, General",12.0401,Cosmetology and Related Personal Grooming Services,12.04,"Culinary, Entertainment, and Personal Services",12,TCAT,Morristown,Greene Technology Center ISC,"Greene County, Tennessee",47059,1,14,15
2021-22,Electrician,46.0302,Electrical and Power Transmission Installers,46.03,Construction Trades,46,TCAT,Morristown,Greene Technology Center ISC,"Greene County, Tennessee",47059,5,8,13
2021-22,Automobile/Automotive Mechanics Technology/Technician,47.0604,Vehicle Maintenance and Repair Technologies/Technicians,47.06,Mechanic and Repair Technologies/Technicians,47,TCAT,Morristown,Greene Technology Center ISC,"Greene County, Tennessee",47059,2,1,3
2021-22,Machine Tool Technology/Machinist,48.0501,Precision Metal Working,48.05,Precision Production,48,TCAT,Morristown,Greene Technology Center ISC,"Greene County, Tennessee",47059,2,3,5
2021-22,Welding Technology/Welder,48.0508,Precision Metal Working,48.05,Precision Production,48,TCAT,Morristown,Greene Technology Center ISC,"Greene County, Tennessee",47059,0,14,14
2021-22,Licensed Practical/Vocational Nurse Training,51.3901,"Practical Nursing, Vocational Nursing and Nursing Assistants",51.39,Health Professions and Related Programs,51,TCAT,Morristown,Greeneville Instructional Service Center ,"Greene County, Tennessee",47059,0,13,13
2021-22,Electrician,46.0302,Electrical and Power Transmission Installers,46.03,Construction Trades,46,TCAT,Morristown,Hawkins County Branch,"Hawkins County, Tennessee",47073,1,10,11
2021-22,"Heating, Air Conditioning, Ventilation and Refrigeration Maintenance Technology/Technician",47.0201,"Heating, Air Conditioning, Ventilation and Refrigeration Maintenance Technology/Technician (HAC, HACR, HVAC, HVACR)",47.02,Mechanic and Repair Technologies/Technicians,47,TCAT,Morristown,Hawkins County Branch,"Hawkins County, Tennessee",47073,1,5,6
2021-22,Industrial Mechanics and Maintenance Technology/Technician,47.0303,Heavy/Industrial Equipment Maintenance Technologies/Technicians,47.03,Mechanic and Repair Technologies/Technicians,47,TCAT,Morristown,Hawkins County Branch,"Hawkins County, Tennessee",47073,0,4,4
2021-22,Welding Technology/Welder,48.0508,Precision Metal Working,48.05,Precision Production,48,TCAT,Morristown,Hawkins County Branch,"Hawkins County, Tennessee",47073,2,23,25
2021-22,Computer Support Specialist,11.1006,Computer/Information Technology Administration and Management,11.10,Computer and Information Sciences and Support Services,11,TCAT,Morristown,Main Campus,"Hamblen County, Tennessee",47063,2,5,7
2021-22,"Drafting and Design Technology/Technician, General",15.1301,Drafting/Design Engineering Technologies/Technicians,15.13,Engineering/Engineering-Related Technologies/Technicians,15,TCAT,Morristown,Main Campus,"Hamblen County, Tennessee",47063,2,11,13
2021-22,Electrician,46.0302,Electrical and Power Transmission Installers,46.03,Construction Trades,46,TCAT,Morristown,Main Campus,"Hamblen County, Tennessee",47063,2,37,39
2021-22,Building Construction Technology/Technician,46.0415,"Building/Construction Finishing, Management, and Inspection",46.04,Construction Trades,46,TCAT,Morristown,Main Campus,"Hamblen County, Tennessee",47063,2,7,9
2021-22,Pipefitting/Pipefitter and Sprinkler Fitter,46.0502,Plumbing and Related Water Supply Services,46.05,Construction Trades,46,TCAT,Morristown,Main Campus,"Hamblen County, Tennessee",47063,0,12,12
2021-22,"Heating, Air Conditioning, Ventilation and Refrigeration Maintenance Technology/Technician",47.0201,"Heating, Air Conditioning, Ventilation and Refrigeration Maintenance Technology/Technician (HAC, HACR, HVAC, HVACR)",47.02,Mechanic and Repair Technologies/Technicians,47,TCAT,Morristown,Main Campus,"Hamblen County, Tennessee",47063,0,16,16
2021-22,Industrial Mechanics and Maintenance Technology/Technician,47.0303,Heavy/Industrial Equipment Maintenance Technologies/Technicians,47.03,Mechanic and Repair Technologies/Technicians,47,TCAT,Morristown,Main Campus,"Hamblen County, Tennessee",47063,0,41,41
2021-22,Autobody/Collision and Repair Technology/Technician,47.0603,Vehicle Maintenance and Repair Technologies/Technicians,47.06,Mechanic and Repair Technologies/Technicians,47,TCAT,Morristown,Main Campus,"Hamblen County, Tennessee",47063,0,11,11
2021-22,Automobile/Automotive Mechanics Technology/Technician,47.0604,Vehicle Maintenance and Repair Technologies/Technicians,47.06,Mechanic and Repair Technologies/Technicians,47,TCAT,Morristown,Main Campus,"Hamblen County, Tennessee",47063,6,13,19
2021-22,Machine Tool Technology/Machinist,48.0501,Precision Metal Working,48.05,Precision Production,48,TCAT,Morristown,Main Campus,"Hamblen County, Tennessee",47063,3,5,8
2021-22,Welding Technology/Welder,48.0508,Precision Metal Working,48.05,Precision Production,48,TCAT,Morristown,Main Campus,"Hamblen County, Tennessee",47063,3,37,40
2021-22,Commercial and Advertising Art,50.0402,Design and Applied Arts,50.04,Visual and Performing Arts,50,TCAT,Morristown,Main Campus,"Hamblen County, Tennessee",47063,0,12,12
2021-22,Licensed Practical/Vocational Nurse Training,51.3901,"Practical Nursing, Vocational Nursing and Nursing Assistants",51.39,Health Professions and Related Programs,51,TCAT,Morristown,Main Campus,"Hamblen County, Tennessee",47063,0,36,36
2021-22,Executive Assistant/Executive Secretary,52.0402,Business Operations Support and Assistant Services,52.04,"Business, Management, Marketing, and Related Support Services",52,TCAT,Morristown,Main Campus,"Hamblen County, Tennessee",47063,3,12,15
2021-22,Licensed Practical/Vocational Nurse Training,51.3901,"Practical Nursing, Vocational Nursing and Nursing Assistants",51.39,Health Professions and Related Programs,51,TCAT,Morristown,Newport Instructional Service Center ,"Cocke County, Tennessee",47029,0,8,8
2021-22,Licensed Practical/Vocational Nurse Training,51.3901,"Practical Nursing, Vocational Nursing and Nursing Assistants",51.39,Health Professions and Related Programs,51,TCAT,Morristown,Tazewell Instructional Service Center,"Claiborne County, Tennessee",47025,0,10,10
2021-22,Information Technology,11.0103,"Computer and Information Sciences, General",11.01,Computer and Information Sciences and Support Services,11,TCAT,Murfreesboro,Main Campus,"Rutherford County, Tennessee",47149,2,7,9
2021-22,"System, Networking, and LAN/WAN Management/Manager",11.1002,Computer/Information Technology Administration and Management,11.10,Computer and Information Sciences and Support Services,11,TCAT,Murfreesboro,Main Campus,"Rutherford County, Tennessee",47149,4,14,18
2021-22,"Cosmetology/Cosmetologist, General",12.0401,Cosmetology and Related Personal Grooming Services,12.04,"Culinary, Entertainment, and Personal Services",12,TCAT,Murfreesboro,Main Campus,"Rutherford County, Tennessee",47149,0,30,30
2021-22,"Cosmetology, Barber/Styling, and Nail Instructor",12.0413,Cosmetology and Related Personal Grooming Services,12.04,"Culinary, Entertainment, and Personal Services",12,TCAT,Murfreesboro,Main Campus,"Rutherford County, Tennessee",47149,1,0,1
2021-22,"Drafting and Design Technology/Technician, General",15.1301,Drafting/Design Engineering Technologies/Technicians,15.13,Engineering/Engineering-Related Technologies/Technicians,15,TCAT,Murfreesboro,Main Campus,"Rutherford County, Tennessee",47149,2,5,7
2021-22,Building Construction Technology/Technician,46.0415,"Building/Construction Finishing, Management, and Inspection",46.04,Construction Trades,46,TCAT,Murfreesboro,Main Campus,"Rutherford County, Tennessee",47149,1,42,43
2021-22,"Heating, Air Conditioning, Ventilation and Refrigeration Maintenance Technology/Technician",47.0201,"Heating, Air Conditioning, Ventilation and Refrigeration Maintenance Technology/Technician (HAC, HACR, HVAC, HVACR)",47.02,Mechanic and Repair Technologies/Technicians,47,TCAT,Murfreesboro,Main Campus,"Rutherford County, Tennessee",47149,3,21,24
2021-22,Welding Technology/Welder,48.0508,Precision Metal Working,48.05,Precision Production,48,TCAT,Murfreesboro,Main Campus,"Rutherford County, Tennessee",47149,0,1,1
2021-22,Commercial and Advertising Art,50.0402,Design and Applied Arts,50.04,Visual and Performing Arts,50,TCAT,Murfreesboro,Main Campus,"Rutherford County, Tennessee",47149,3,10,13
2021-22,Dental Assisting/Assistant,51.0601,Dental Support Services and Allied Professions,51.06,Health Professions and Related Programs,51,TCAT,Murfreesboro,Main Campus,"Rutherford County, Tennessee",47149,0,6,6
2021-22,Pharmacy Technician/Assistant,51.0805,Allied Health and Medical Assisting Services,51.08,Health Professions and Related Programs,51,TCAT,Murfreesboro,Main Campus,"Rutherford County, Tennessee",47149,11,0,11
2021-22,Surgical Technology/Technologist,51.0909,"Allied Health Diagnostic, Intervention, and Treatment Professions",51.09,Health Professions and Related Programs,51,TCAT,Murfreesboro,Main Campus,"Rutherford County, Tennessee",47149,0,15,15
2021-22,Sterile Processing Technology/Technician,51.1012,Clinical/Medical Laboratory Science/Research and Allied Professions,51.10,Health Professions and Related Programs,51,TCAT,Murfreesboro,Main Campus,"Rutherford County, Tennessee",47149,14,0,14
2021-22,Licensed Practical/Vocational Nurse Training,51.3901,"Practical Nursing, Vocational Nursing and Nursing Assistants",51.39,Health Professions and Related Programs,51,TCAT,Murfreesboro,Main Campus,"Rutherford County, Tennessee",47149,0,14,14
2021-22,Executive Assistant/Executive Secretary,52.0402,Business Operations Support and Assistant Services,52.04,"Business, Management, Marketing, and Related Support Services",52,TCAT,Murfreesboro,Main Campus,"Rutherford County, Tennessee",47149,3,6,9
2021-22,Information Technology,11.0103,"Computer and Information Sciences, General",11.01,Computer and Information Sciences and Support Services,11,TCAT,Murfreesboro,TCAT Murfreesboro-Nissan Training Center,"Rutherford County, Tennessee",47149,3,0,3
2021-22,Industrial Mechanics and Maintenance Technology/Technician,47.0303,Heavy/Industrial Equipment Maintenance Technologies/Technicians,47.03,Mechanic and Repair Technologies/Technicians,47,TCAT,Murfreesboro,TCAT Murfreesboro-Nissan Training Center,"Rutherford County, Tennessee",47149,11,39,50
2021-22,Autobody/Collision and Repair Technology/Technician,47.0603,Vehicle Maintenance and Repair Technologies/Technicians,47.06,Mechanic and Repair Technologies/Technicians,47,TCAT,Murfreesboro,TCAT Murfreesboro-Nissan Training Center,"Rutherford County, Tennessee",47149,1,10,11
2021-22,Automobile/Automotive Mechanics Technology/Technician,47.0604,Vehicle Maintenance and Repair Technologies/Technicians,47.06,Mechanic and Repair Technologies/Technicians,47,TCAT,Murfreesboro,TCAT Murfreesboro-Nissan Training Center,"Rutherford County, Tennessee",47149,12,28,40
2021-22,Machine Tool Technology/Machinist,48.0501,Precision Metal Working,48.05,Precision Production,48,TCAT,Murfreesboro,TCAT Murfreesboro-Nissan Training Center,"Rutherford County, Tennessee",47149,2,6,8
2021-22,Welding Technology/Welder,48.0508,Precision Metal Working,48.05,Precision Production,48,TCAT,Murfreesboro,TCAT Murfreesboro-Nissan Training Center,"Rutherford County, Tennessee",47149,0,17,17
2021-22,Computer Support Specialist,11.1006,Computer/Information Technology Administration and Management,11.10,Computer and Information Sciences and Support Services,11,TCAT,Nashville,Main Campus,"Davidson County, Tennessee",47037,1,7,8
2021-22,"Cosmetology/Cosmetologist, General",12.0401,Cosmetology and Related Personal Grooming Services,12.04,"Culinary, Entertainment, and Personal Services",12,TCAT,Nashville,Main Campus,"Davidson County, Tennessee",47037,13,33,46
2021-22,Aesthetician/Esthetician and Skin Care Specialist,12.0409,Cosmetology and Related Personal Grooming Services,12.04,"Culinary, Entertainment, and Personal Services",12,TCAT,Nashville,Main Campus,"Davidson County, Tennessee",47037,18,0,18
2021-22,"Drafting and Design Technology/Technician, General",15.1301,Drafting/Design Engineering Technologies/Technicians,15.13,Engineering/Engineering-Related Technologies/Technicians,15,TCAT,Nashville,Main Campus,"Davidson County, Tennessee",47037,4,4,8
2021-22,Child Care Provider/Assistant,19.0709,"Human Development, Family Studies, and Related Services",19.07,Family and Consumer Sciences/Human Sciences,19,TCAT,Nashville,Main Campus,"Davidson County, Tennessee",47037,3,6,9
2021-22,Building Construction Technology/Technician,46.0415,"Building/Construction Finishing, Management, and Inspection",46.04,Construction Trades,46,TCAT,Nashville,Main Campus,"Davidson County, Tennessee",47037,9,16,25
2021-22,"Heating, Air Conditioning, Ventilation and Refrigeration Maintenance Technology/Technician",47.0201,"Heating, Air Conditioning, Ventilation and Refrigeration Maintenance Technology/Technician (HAC, HACR, HVAC, HVACR)",47.02,Mechanic and Repair Technologies/Technicians,47,TCAT,Nashville,Main Campus,"Davidson County, Tennessee",47037,3,42,45
2021-22,Autobody/Collision and Repair Technology/Technician,47.0603,Vehicle Maintenance and Repair Technologies/Technicians,47.06,Mechanic and Repair Technologies/Technicians,47,TCAT,Nashville,Main Campus,"Davidson County, Tennessee",47037,0,17,17
2021-22,Automobile/Automotive Mechanics Technology/Technician,47.0604,Vehicle Maintenance and Repair Technologies/Technicians,47.06,Mechanic and Repair Technologies/Technicians,47,TCAT,Nashville,Main Campus,"Davidson County, Tennessee",47037,1,13,14
2021-22,Diesel Mechanics Technology/Technician,47.0605,Vehicle Maintenance and Repair Technologies/Technicians,47.06,Mechanic and Repair Technologies/Technicians,47,TCAT,Nashville,Main Campus,"Davidson County, Tennessee",47037,6,2,8
2021-22,Machine Tool Technology/Machinist,48.0501,Precision Metal Working,48.05,Precision Production,48,TCAT,Nashville,Main Campus,"Davidson County, Tennessee",47037,0,14,14
2021-22,Welding Technology/Welder,48.0508,Precision Metal Working,48.05,Precision Production,48,TCAT,Nashville,Main Campus,"Davidson County, Tennessee",47037,16,17,33
2021-22,Dental Assisting/Assistant,51.0601,Dental Support Services and Allied Professions,51.06,Health Professions and Related Programs,51,TCAT,Nashville,Main Campus,"Davidson County, Tennessee",47037,5,19,24
2021-22,Dental Laboratory Technology/Technician,51.0603,Dental Support Services and Allied Professions,51.06,Health Professions and Related Programs,51,TCAT,Nashville,Main Campus,"Davidson County, Tennessee",47037,0,15,15
2021-22,Licensed Practical/Vocational Nurse Training,51.3901,"Practical Nursing, Vocational Nursing and Nursing Assistants",51.39,Health Professions and Related Programs,51,TCAT,Nashville,Main Campus,"Davidson County, Tennessee",47037,2,58,60
2021-22,Executive Assistant/Executive Secretary,52.0402,Business Operations Support and Assistant Services,52.04,"Business, Management, Marketing, and Related Support Services",52,TCAT,Nashville,Main Campus,"Davidson County, Tennessee",47037,1,6,7
2021-22,Airframe Mechanics and Aircraft Maintenance Technology/Technician,47.0607,Vehicle Maintenance and Repair Technologies/Technicians,47.06,Mechanic and Repair Technologies/Technicians,47,TCAT,Nashville,Nashville Technology Center- Extension Campus,"Davidson County, Tennessee",47037,0,21,21
2021-22,"Cosmetology/Cosmetologist, General",12.0401,Cosmetology and Related Personal Grooming Services,12.04,"Culinary, Entertainment, and Personal Services",12,TCAT,Nashville,Portland High School,"Sumner County, Tennessee",47165,0,1,1
2021-22,Welding Technology/Welder,48.0508,Precision Metal Working,48.05,Precision Production,48,TCAT,Nashville,Portland High School,"Sumner County, Tennessee",47165,2,0,2
2021-22,Computer Support Specialist,11.1006,Computer/Information Technology Administration and Management,11.10,Computer and Information Sciences and Support Services,11,TCAT,Nashville,TCAT - Portland Campus,"Sumner County, Tennessee",47165,4,6,10
2021-22,"Cosmetology/Cosmetologist, General",12.0401,Cosmetology and Related Personal Grooming Services,12.04,"Culinary, Entertainment, and Personal Services",12,TCAT,Nashville,TCAT - Portland Campus,"Sumner County, Tennessee",47165,7,22,29
2021-22,Manufacturing Engineering Technology/Technician,15.0613,Industrial Production Technologies/Technicians,15.06,Engineering/Engineering-Related Technologies/Technicians,15,TCAT,Nashville,TCAT - Portland Campus,"Sumner County, Tennessee",47165,0,7,7
2021-22,Building Construction Technology/Technician,46.0415,"Building/Construction Finishing, Management, and Inspection",46.04,Construction Trades,46,TCAT,Nashville,TCAT - Portland Campus,"Sumner County, Tennessee",47165,1,1,2
2021-22,Machine Tool Technology/Machinist,48.0501,Precision Metal Working,48.05,Precision Production,48,TCAT,Nashville,TCAT - Portland Campus,"Sumner County, Tennessee",47165,1,3,4
2021-22,Welding Technology/Welder,48.0508,Precision Metal Working,48.05,Precision Production,48,TCAT,Nashville,TCAT - Portland Campus,"Sumner County, Tennessee",47165,11,9,20
2021-22,Licensed Practical/Vocational Nurse Training,51.3901,"Practical Nursing, Vocational Nursing and Nursing Assistants",51.39,Health Professions and Related Programs,51,TCAT,Nashville,TCAT - Portland Campus,"Sumner County, Tennessee",47165,0,5,5
2021-22,Executive Assistant/Executive Secretary,52.0402,Business Operations Support and Assistant Services,52.04,"Business, Management, Marketing, and Related Support Services",52,TCAT,Nashville,TCAT - Portland Campus,"Sumner County, Tennessee",47165,0,1,1
2021-22,Computer Support Specialist,11.1006,Computer/Information Technology Administration and Management,11.10,Computer and Information Sciences and Support Services,11,TCAT,Newbern,Main Campus,"Dyer County, Tennessee",47045,7,9,16
2021-22,"Cosmetology/Cosmetologist, General",12.0401,Cosmetology and Related Personal Grooming Services,12.04,"Culinary, Entertainment, and Personal Services",12,TCAT,Newbern,Main Campus,"Dyer County, Tennessee",47045,4,16,20
2021-22,"Drafting and Design Technology/Technician, General",15.1301,Drafting/Design Engineering Technologies/Technicians,15.13,Engineering/Engineering-Related Technologies/Technicians,15,TCAT,Newbern,Main Campus,"Dyer County, Tennessee",47045,2,10,12
2021-22,"Heating, Air Conditioning, Ventilation and Refrigeration Maintenance Technology/Technician",47.0201,"Heating, Air Conditioning, Ventilation and Refrigeration Maintenance Technology/Technician (HAC, HACR, HVAC, HVACR)",47.02,Mechanic and Repair Technologies/Technicians,47,TCAT,Newbern,Main Campus,"Dyer County, Tennessee",47045,9,10,19
2021-22,Industrial Mechanics and Maintenance Technology/Technician,47.0303,Heavy/Industrial Equipment Maintenance Technologies/Technicians,47.03,Mechanic and Repair Technologies/Technicians,47,TCAT,Newbern,Main Campus,"Dyer County, Tennessee",47045,5,19,24
2021-22,Automobile/Automotive Mechanics Technology/Technician,47.0604,Vehicle Maintenance and Repair Technologies/Technicians,47.06,Mechanic and Repair Technologies/Technicians,47,TCAT,Newbern,Main Campus,"Dyer County, Tennessee",47045,5,9,14
2021-22,Diesel Mechanics Technology/Technician,47.0605,Vehicle Maintenance and Repair Technologies/Technicians,47.06,Mechanic and Repair Technologies/Technicians,47,TCAT,Newbern,Main Campus,"Dyer County, Tennessee",47045,6,12,18
2021-22,Machine Tool Technology/Machinist,48.0501,Precision Metal Working,48.05,Precision Production,48,TCAT,Newbern,Main Campus,"Dyer County, Tennessee",47045,2,5,7
2021-22,Welding Technology/Welder,48.0508,Precision Metal Working,48.05,Precision Production,48,TCAT,Newbern,Main Campus,"Dyer County, Tennessee",47045,6,7,13
2021-22,Truck and Bus Driver/Commercial Vehicle Operator and Instructor,49.0205,Ground Transportation,49.02,Transportation and Materials Moving,49,TCAT,Newbern,Main Campus,"Dyer County, Tennessee",47045,31,0,31
2021-22,Licensed Practical/Vocational Nurse Training,51.3901,"Practical Nursing, Vocational Nursing and Nursing Assistants",51.39,Health Professions and Related Programs,51,TCAT,Newbern,Main Campus,"Dyer County, Tennessee",47045,6,25,31
2021-22,Computer Support Specialist,11.1006,Computer/Information Technology Administration and Management,11.10,Computer and Information Sciences and Support Services,11,TCAT,Newbern,Northwest Correctional Complex,"Lake County, Tennessee",47095,4,0,4
2021-22,Automation Engineer Technology/Technician,15.0406,Electromechanical Technologies/Technicians,15.04,Engineering/Engineering-Related Technologies/Technicians,15,TCAT,Newbern,TCAT Newbern - Bells Campus,"Crockett County, Tennessee",47033,5,4,9
2021-22,Industrial Mechanics and Maintenance Technology/Technician,47.0303,Heavy/Industrial Equipment Maintenance Technologies/Technicians,47.03,Mechanic and Repair Technologies/Technicians,47,TCAT,Newbern,TCAT Newbern - Union City Campus,"Obion County, Tennessee",47131,4,3,7
2021-22,Welding Technology/Welder,48.0508,Precision Metal Working,48.05,Precision Production,48,TCAT,Newbern,TCAT Newbern - Union City Campus,"Obion County, Tennessee",47131,4,1,5
2021-22,Licensed Practical/Vocational Nurse Training,51.3901,"Practical Nursing, Vocational Nursing and Nursing Assistants",51.39,Health Professions and Related Programs,51,TCAT,Newbern,TCAT Newbern - Union City Campus,"Obion County, Tennessee",47131,0,11,11
2021-22,Computer Support Specialist,11.1006,Computer/Information Technology Administration and Management,11.10,Computer and Information Sciences and Support Services,11,TCAT,Oneida,Main Campus,"Scott County, Tennessee",47151,5,3,8
2021-22,"Cosmetology/Cosmetologist, General",12.0401,Cosmetology and Related Personal Grooming Services,12.04,"Culinary, Entertainment, and Personal Services",12,TCAT,Oneida,Main Campus,"Scott County, Tennessee",47151,5,12,17
2021-22,Automobile/Automotive Mechanics Technology/Technician,47.0604,Vehicle Maintenance and Repair Technologies/Technicians,47.06,Mechanic and Repair Technologies/Technicians,47,TCAT,Oneida,Main Campus,"Scott County, Tennessee",47151,0,1,1
2021-22,Machine Tool Technology/Machinist,48.0501,Precision Metal Working,48.05,Precision Production,48,TCAT,Oneida,Main Campus,"Scott County, Tennessee",47151,2,2,4
2021-22,Welding Technology/Welder,48.0508,Precision Metal Working,48.05,Precision Production,48,TCAT,Oneida,Main Campus,"Scott County, Tennessee",47151,8,3,11
2021-22,Licensed Practical/Vocational Nurse Training,51.3901,"Practical Nursing, Vocational Nursing and Nursing Assistants",51.39,Health Professions and Related Programs,51,TCAT,Oneida,Main Campus,"Scott County, Tennessee",47151,0,20,20
2021-22,Executive Assistant/Executive Secretary,52.0402,Business Operations Support and Assistant Services,52.04,"Business, Management, Marketing, and Related Support Services",52,TCAT,Oneida,Main Campus,"Scott County, Tennessee",47151,3,4,7
2021-22,Welding Technology/Welder,48.0508,Precision Metal Working,48.05,Precision Production,48,TCAT,Oneida,Morgan County Career and Technical Center,"Morgan County, Tennessee",47129,0,1,1
2021-22,"Electrical and Power Transmission Installation/Installer, General",46.0301,Electrical and Power Transmission Installers,46.03,Construction Trades,46,TCAT,Oneida,Oneida Campus,"Scott County, Tennessee",47151,37,0,37
2021-22,Building Construction Technology/Technician,46.0415,"Building/Construction Finishing, Management, and Inspection",46.04,Construction Trades,46,TCAT,Oneida,Oneida Campus,"Scott County, Tennessee",47151,2,3,5
2021-22,Industrial Mechanics and Maintenance Technology/Technician,47.0303,Heavy/Industrial Equipment Maintenance Technologies/Technicians,47.03,Mechanic and Repair Technologies/Technicians,47,TCAT,Oneida,Oneida Campus,"Scott County, Tennessee",47151,0,2,2
2021-22,Autobody/Collision and Repair Technology/Technician,47.0603,Vehicle Maintenance and Repair Technologies/Technicians,47.06,Mechanic and Repair Technologies/Technicians,47,TCAT,Oneida,Oneida Campus,"Scott County, Tennessee",47151,2,4,6
2021-22,Diesel Mechanics Technology/Technician,47.0605,Vehicle Maintenance and Repair Technologies/Technicians,47.06,Mechanic and Repair Technologies/Technicians,47,TCAT,Oneida,Oneida Campus,"Scott County, Tennessee",47151,2,5,7
2021-22,Pharmacy Technician/Assistant,51.0805,Allied Health and Medical Assisting Services,51.08,Health Professions and Related Programs,51,TCAT,Oneida,Oneida Campus,"Scott County, Tennessee",47151,0,5,5
2021-22,Nursing Assistant/Aide and Patient Care Assistant/Aide,51.3902,"Practical Nursing, Vocational Nursing and Nursing Assistants",51.39,Health Professions and Related Programs,51,TCAT,Oneida,Oneida Campus,"Scott County, Tennessee",47151,16,0,16
2021-22,Emergency Medical Technology/Technician (EMT Paramedic),51.0904,"Allied Health Diagnostic, Intervention, and Treatment Professions",51.09,Health Professions and Related Programs,51,TCAT,Oneida,York Institute,"Fentress County, Tennessee",47049,1,0,1
2021-22,Licensed Practical/Vocational Nurse Training,51.3901,"Practical Nursing, Vocational Nursing and Nursing Assistants",51.39,Health Professions and Related Programs,51,TCAT,Paris,Benton County Government Building,"Benton County, Tennessee",47005,2,8,10
2021-22,Computer Systems Networking and Telecommunications,11.0901,Computer Systems Networking and Telecommunications,11.09,Computer and Information Sciences and Support Services,11,TCAT,Paris,Main Campus,"Henry County, Tennessee",47079,4,4,8
2021-22,"Cosmetology/Cosmetologist, General",12.0401,Cosmetology and Related Personal Grooming Services,12.04,"Culinary, Entertainment, and Personal Services",12,TCAT,Paris,Main Campus,"Henry County, Tennessee",47079,2,17,19
2021-22,Building/Property Maintenance,46.0401,"Building/Construction Finishing, Management, and Inspection",46.04,Construction Trades,46,TCAT,Paris,Main Campus,"Henry County, Tennessee",47079,1,8,9
2021-22,Industrial Mechanics and Maintenance Technology/Technician,47.0303,Heavy/Industrial Equipment Maintenance Technologies/Technicians,47.03,Mechanic and Repair Technologies/Technicians,47,TCAT,Paris,Main Campus,"Henry County, Tennessee",47079,2,12,14
2021-22,Autobody/Collision and Repair Technology/Technician,47.0603,Vehicle Maintenance and Repair Technologies/Technicians,47.06,Mechanic and Repair Technologies/Technicians,47,TCAT,Paris,Main Campus,"Henry County, Tennessee",47079,1,5,6
2021-22,Motorcycle Maintenance and Repair Technology/Technician,47.0611,Vehicle Maintenance and Repair Technologies/Technicians,47.06,Mechanic and Repair Technologies/Technicians,47,TCAT,Paris,Main Campus,"Henry County, Tennessee",47079,1,6,7
2021-22,Machine Tool Technology/Machinist,48.0501,Precision Metal Working,48.05,Precision Production,48,TCAT,Paris,Main Campus,"Henry County, Tennessee",47079,0,4,4
2021-22,Welding Technology/Welder,48.0508,Precision Metal Working,48.05,Precision Production,48,TCAT,Paris,Main Campus,"Henry County, Tennessee",47079,7,10,17
2021-22,Health Information/Medical Records Technology/Technician,51.0707,Health and Medical Administrative Services,51.07,Health Professions and Related Programs,51,TCAT,Paris,Main Campus,"Henry County, Tennessee",47079,1,5,6
2021-22,Licensed Practical/Vocational Nurse Training,51.3901,"Practical Nursing, Vocational Nursing and Nursing Assistants",51.39,Health Professions and Related Programs,51,TCAT,Paris,Main Campus,"Henry County, Tennessee",47079,4,12,16
2021-22,Executive Assistant/Executive Secretary,52.0402,Business Operations Support and Assistant Services,52.04,"Business, Management, Marketing, and Related Support Services",52,TCAT,Paris,Main Campus,"Henry County, Tennessee",47079,1,4,5
2021-22,Licensed Practical/Vocational Nurse Training,51.3901,"Practical Nursing, Vocational Nursing and Nursing Assistants",51.39,Health Professions and Related Programs,51,TCAT,Paris,Weakley County Center for Adults,"Weakley County, Tennessee",47183,0,14,14
2021-22,"Construction Trades, Other",46.9999,"Construction Trades, Other",46.99,Construction Trades,46,TCAT,Pulaski,Lawrenceburg Instructional Service,"Lawrence County, Tennessee",47099,0,8,8
2021-22,Computer Systems Networking and Telecommunications,11.0901,Computer Systems Networking and Telecommunications,11.09,Computer and Information Sciences and Support Services,11,TCAT,Pulaski,Main Campus,"Giles County, Tennessee",47055,6,7,13
2021-22,Manufacturing Engineering Technology/Technician,15.0613,Industrial Production Technologies/Technicians,15.06,Engineering/Engineering-Related Technologies/Technicians,15,TCAT,Pulaski,Main Campus,"Giles County, Tennessee",47055,1,1,2
2021-22,Electrician,46.0302,Electrical and Power Transmission Installers,46.03,Construction Trades,46,TCAT,Pulaski,Main Campus,"Giles County, Tennessee",47055,0,11,11
2021-22,Building Construction Technology/Technician,46.0415,"Building/Construction Finishing, Management, and Inspection",46.04,Construction Trades,46,TCAT,Pulaski,Main Campus,"Giles County, Tennessee",47055,2,7,9
2021-22,"Heating, Air Conditioning, Ventilation and Refrigeration Maintenance Technology/Technician",47.0201,"Heating, Air Conditioning, Ventilation and Refrigeration Maintenance Technology/Technician (HAC, HACR, HVAC, HVACR)",47.02,Mechanic and Repair Technologies/Technicians,47,TCAT,Pulaski,Main Campus,"Giles County, Tennessee",47055,9,19,28
2021-22,Industrial Mechanics and Maintenance Technology/Technician,47.0303,Heavy/Industrial Equipment Maintenance Technologies/Technicians,47.03,Mechanic and Repair Technologies/Technicians,47,TCAT,Pulaski,Main Campus,"Giles County, Tennessee",47055,3,14,17
2021-22,Welding Technology/Welder,48.0508,Precision Metal Working,48.05,Precision Production,48,TCAT,Pulaski,Main Campus,"Giles County, Tennessee",47055,3,17,20
2021-22,Medical/Clinical Assistant,51.0801,Allied Health and Medical Assisting Services,51.08,Health Professions and Related Programs,51,TCAT,Pulaski,Main Campus,"Giles County, Tennessee",47055,0,8,8
2021-22,Pharmacy Technician/Assistant,51.0805,Allied Health and Medical Assisting Services,51.08,Health Professions and Related Programs,51,TCAT,Pulaski,Main Campus,"Giles County, Tennessee",47055,0,8,8
2021-22,Licensed Practical/Vocational Nurse Training,51.3901,"Practical Nursing, Vocational Nursing and Nursing Assistants",51.39,Health Professions and Related Programs,51,TCAT,Pulaski,Main Campus,"Giles County, Tennessee",47055,0,47,47
2021-22,Executive Assistant/Executive Secretary,52.0402,Business Operations Support and Assistant Services,52.04,"Business, Management, Marketing, and Related Support Services",52,TCAT,Pulaski,Main Campus,"Giles County, Tennessee",47055,1,7,8
2021-22,Computer Numerically Controlled (CNC) Machinist Technology/CNC Machinist,48.0510,Precision Metal Working,48.05,Precision Production,48,TCAT,Pulaski,Northfield Instructional Service Center,"Lawrence County, Tennessee",47099,1,1,2
2021-22,"Construction Trades, Other",46.9999,"Construction Trades, Other",46.99,Construction Trades,46,TCAT,Pulaski,South Lawrence Instructional Service Center,"Lawrence County, Tennessee",47099,0,4,4
2021-22,Medical/Clinical Assistant,51.0801,Allied Health and Medical Assisting Services,51.08,Health Professions and Related Programs,51,TCAT,Ripley,Crockett County Higher Education Center,"Crockett County, Tennessee",47033,0,12,12
2021-22,Licensed Practical/Vocational Nurse Training,51.3901,"Practical Nursing, Vocational Nursing and Nursing Assistants",51.39,Health Professions and Related Programs,51,TCAT,Ripley,Crockett County Higher Education Center,"Crockett County, Tennessee",47033,6,14,20
2021-22,Computer Support Specialist,11.1006,Computer/Information Technology Administration and Management,11.10,Computer and Information Sciences and Support Services,11,TCAT,Ripley,Main Campus,"Lauderdale County, Tennessee",47097,2,6,8
2021-22,"Cosmetology/Cosmetologist, General",12.0401,Cosmetology and Related Personal Grooming Services,12.04,"Culinary, Entertainment, and Personal Services",12,TCAT,Ripley,Main Campus,"Lauderdale County, Tennessee",47097,2,9,11
2021-22,Barbering/Barber,12.0402,Cosmetology and Related Personal Grooming Services,12.04,"Culinary, Entertainment, and Personal Services",12,TCAT,Ripley,Main Campus,"Lauderdale County, Tennessee",47097,0,2,2
2021-22,Manufacturing Engineering Technology/Technician,15.0613,Industrial Production Technologies/Technicians,15.06,Engineering/Engineering-Related Technologies/Technicians,15,TCAT,Ripley,Main Campus,"Lauderdale County, Tennessee",47097,3,3,6
2021-22,Electrician,46.0302,Electrical and Power Transmission Installers,46.03,Construction Trades,46,TCAT,Ripley,Main Campus,"Lauderdale County, Tennessee",47097,0,11,11
2021-22,Health Information/Medical Records Technology/Technician,51.0707,Health and Medical Administrative Services,51.07,Health Professions and Related Programs,51,TCAT,Ripley,Main Campus,"Lauderdale County, Tennessee",47097,2,3,5
2021-22,Licensed Practical/Vocational Nurse Training,51.3901,"Practical Nursing, Vocational Nursing and Nursing Assistants",51.39,Health Professions and Related Programs,51,TCAT,Ripley,Main Campus,"Lauderdale County, Tennessee",47097,2,42,44
2021-22,"System, Networking, and LAN/WAN Management/Manager",11.1002,Computer/Information Technology Administration and Management,11.10,Computer and Information Sciences and Support Services,11,TCAT,Shelbyville,Franklin County Extension Campus,"Franklin County, Tennessee",47051,1,3,4
2021-22,Industrial Mechanics and Maintenance Technology/Technician,47.0303,Heavy/Industrial Equipment Maintenance Technologies/Technicians,47.03,Mechanic and Repair Technologies/Technicians,47,TCAT,Shelbyville,Franklin County Extension Campus,"Franklin County, Tennessee",47051,7,17,24
2021-22,Machine Tool Technology/Machinist,48.0501,Precision Metal Working,48.05,Precision Production,48,TCAT,Shelbyville,Franklin County Extension Campus,"Franklin County, Tennessee",47051,3,7,10
2021-22,Welding Technology/Welder,48.0508,Precision Metal Working,48.05,Precision Production,48,TCAT,Shelbyville,Franklin County Extension Campus,"Franklin County, Tennessee",47051,0,3,3
2021-22,Licensed Practical/Vocational Nurse Training,51.3901,"Practical Nursing, Vocational Nursing and Nursing Assistants",51.39,Health Professions and Related Programs,51,TCAT,Shelbyville,Franklin County Extension Campus,"Franklin County, Tennessee",47051,1,10,11
2021-22,Industrial Mechanics and Maintenance Technology/Technician,47.0303,Heavy/Industrial Equipment Maintenance Technologies/Technicians,47.03,Mechanic and Repair Technologies/Technicians,47,TCAT,Shelbyville,Lincoln Central Academy,"Lincoln County, Tennessee",47103,13,7,20
2021-22,"System, Networking, and LAN/WAN Management/Manager",11.1002,Computer/Information Technology Administration and Management,11.10,Computer and Information Sciences and Support Services,11,TCAT,Shelbyville,Main Campus,"Bedford County, Tennessee",47003,1,0,1
2021-22,"Drafting and Design Technology/Technician, General",15.1301,Drafting/Design Engineering Technologies/Technicians,15.13,Engineering/Engineering-Related Technologies/Technicians,15,TCAT,Shelbyville,Main Campus,"Bedford County, Tennessee",47003,2,7,9
2021-22,Electrician,46.0302,Electrical and Power Transmission Installers,46.03,Construction Trades,46,TCAT,Shelbyville,Main Campus,"Bedford County, Tennessee",47003,5,15,20
2021-22,"Heating, Air Conditioning, Ventilation and Refrigeration Maintenance Technology/Technician",47.0201,"Heating, Air Conditioning, Ventilation and Refrigeration Maintenance Technology/Technician (HAC, HACR, HVAC, HVACR)",47.02,Mechanic and Repair Technologies/Technicians,47,TCAT,Shelbyville,Main Campus,"Bedford County, Tennessee",47003,0,8,8
2021-22,Industrial Mechanics and Maintenance Technology/Technician,47.0303,Heavy/Industrial Equipment Maintenance Technologies/Technicians,47.03,Mechanic and Repair Technologies/Technicians,47,TCAT,Shelbyville,Main Campus,"Bedford County, Tennessee",47003,8,33,41
2021-22,Automobile/Automotive Mechanics Technology/Technician,47.0604,Vehicle Maintenance and Repair Technologies/Technicians,47.06,Mechanic and Repair Technologies/Technicians,47,TCAT,Shelbyville,Main Campus,"Bedford County, Tennessee",47003,2,4,6
2021-22,Machine Tool Technology/Machinist,48.0501,Precision Metal Working,48.05,Precision Production,48,TCAT,Shelbyville,Main Campus,"Bedford County, Tennessee",47003,3,8,11
2021-22,Welding Technology/Welder,48.0508,Precision Metal Working,48.05,Precision Production,48,TCAT,Shelbyville,Main Campus,"Bedford County, Tennessee",47003,3,6,9
2021-22,Truck and Bus Driver/Commercial Vehicle Operator and Instructor,49.0205,Ground Transportation,49.02,Transportation and Materials Moving,49,TCAT,Shelbyville,Main Campus,"Bedford County, Tennessee",47003,15,0,15
2021-22,Licensed Practical/Vocational Nurse Training,51.3901,"Practical Nursing, Vocational Nursing and Nursing Assistants",51.39,Health Professions and Related Programs,51,TCAT,Shelbyville,Main Campus,"Bedford County, Tennessee",47003,6,30,36
2021-22,Executive Assistant/Executive Secretary,52.0402,Business Operations Support and Assistant Services,52.04,"Business, Management, Marketing, and Related Support Services",52,TCAT,Shelbyville,Main Campus,"Bedford County, Tennessee",47003,1,6,7
2021-22,"System, Networking, and LAN/WAN Management/Manager",11.1002,Computer/Information Technology Administration and Management,11.10,Computer and Information Sciences and Support Services,11,TCAT,Shelbyville,Middle Tennessee Education Center,"Bedford County, Tennessee",47003,5,7,12
